address,amount,percentage
9gJyfXkgqbXpuL3jeiTza671Qb4nDugSFWzkzbwYx53g3xewWNY,385000000000,0.385
USNVj4qoyg7U7C6EpdFGHNzicn48yVmMtDrGYvJMSNjVZF4nforamWoWCMttwKetR58XFDuCvzGdUm2FhzuRvq1MMjBvCfNvAmfBruJ6fuvpCQPmWL7wMndaPvuqW2YFAkrkt6X19YjwLukdV9DToWjcHonvQEiLtJokFGrei9ksNLG3dm3jWFyEGa8AViY5CKcKz7ibH45ZwZ6LGPLfy2GQbTYRUyemWbfjGCy8gdxEspymwCgVtpci1yHbeGs5BHye9snAwyDN16vTNm719EfSQqgu4zKDR99tnbhT12b8FPvwZkRfSwwyL4ghau6i4jzcA9Ghi8tA6Bgi6gEPJEnPSSteF9d6kabuUnbZmmA81QYeZUEToFhCWncjBViwfcYYnFsxcJvxnB4DVtD2oQDZr5z5TRywDWKD6YjnxwLqwF2TFbrbDLdQzu6ayJzAcPYpLxCThQ2EAMwkz8YP4EXCE2rU2ZqjJXgRbpE1,249649987000,0.24965
9gJiLa23dcrwQ2AFouWpDWvk99HvmSwHMgimt1n7fWJava8pRVJ,104460000000,0.10446
9epEaQkSeCS5YkWXWEzo8NzCwrBazVKmaVtsxpGnmEyGV1WHPsD,103612961000,0.103613
HNJiaJVyw1qtkiuQYxDTjaA8rmogotVzADinCt5qqavoyoREWM27WAp6f9Y79meFcMoJLt3yr8nsWC5xU5474ojCxE7VweGpd9sLz79VrSiyu7zBjBXPjgGLFZdJAEJhsH8A4y924MVZa7D9te6t3FUiLcpyTbrvTBhD7SpnD6hUjbGszCEGf1fRX1SmWZikeXcJEkfej42dPRimT6Fw423XAc9Tbeih8ZW8x7f5Y7y8frF5kxEdw998JdLU6UzPSwhrDjfKhySqmssQeQxCFwb19PMCB8ZZtx2mGwczr2H12Yi3hnEWn9ArqRqKWip24pJgm6e4Ky7n7BzGRRTmDtcA2EGH3zEVzpRH6aNSHE1MJ51dbCZSNFnRJfk3vxenkSevCfvEMfn5KyQP9wPU5foZACuHX8TQXvVUe1va3HXJFwCm74gxRssBy61GcYdwVbtxykPrw3t6aDX7c46BejsXvEaz5Ydcu7U8MJCoYia9pZ6zkjAj8d7Su12DMK1aLkBxw4vY2zQYc,48958674958,0.048959
9feQDTTAJCzSEgSLb3mNf3NdBeU5janU1WQUF7Uq4cm5xuxdvvc,30000000000,0.03
9iNpx8hiFBBZVHBLRtZXV7MLdV7ME17f86YeESRd8DnpJtjVJZ2,25000000000,0.025
5vSUZRZbdVbnk4sJWjg2uhL94VZWRg4iatK9VgMChufzUgdihgvhR8yWSUEJKszzV7Vmi6K8hCyKTNhUaiP8p5ko6YEU9yfHpjVuXdQ4i5p4cRCzch6ZiqWrNukYjv7Vs5jvBwqg5hcEJ8u1eerr537YLWUoxxi1M4vQxuaCihzPKMt8NDXP4WcbN6mfNxxLZeGBvsHVvVmina5THaECosCWozKJFBnscjhpr3AJsdaL8evXAvPfEjGhVMoTKXAb2ZGGRmR8g1eZshaHmgTg2imSiaoXU5eiF3HvBnDuawaCtt674ikZ3oZdekqswcVPGMwqqUKVsGY4QuFeQoGwRkMqEYTdV2UDMMsfrjrBYQYKUBFMwsQGMNBL1VoY78aotXzdeqJCBVKbQdD3ZZWvukhSe4xrz8tcF3PoxpysDLt89boMqZJtGEHTV9UBTBEac6sDyQP693qT3nKaErN8TCXrJBUmHPqKozAg9bwxTqMYkpmb9iVKLSoJxG7MjAj72SRbcqQfNCVTztSwN3cRxSrVtz4p87jNFbVtFzhPg7UqDwNFTaasySCqM,8676448164,0.008676
9gateQ3h94imuBWL9NryQm4e9zighngTxYfxg1j5s47kjVQ84Hm,8241950034,0.008242
ChTbcUHgBNqNMVjzV1dvCb2UDrX9nh6rGGcURCFEYXuH5ykKh7Ea3FvpFhHb9AnxXJkgAZ6WASN7Rdn7VMgkFaqP5Z5RWp84cDTmsZkhYrgAVGN7mjeLs8UxqUvRi2ArZbm35Xqk8Y88Uq2MJzmDVHLHzCYRGym8XPxFM4YEVxqzHSKYYDvaMLgKvoskFXKrvceAqEiyih26hjpekCmefiF1VmrPwwShrYYxgHLFCZdigw5JWKV4DmewuR1FH3oNtGoFok859SXeuRbpQfrTjHhGVfDsbXEo3GYP2imAh1APKyLEsG9LcE5WZnJV8eseQnYA8sACLDKZ8Tbpp9KUE7QZNFpnwGnkYx7eybbrCeFDFjTGpsBzaS6fRKrWj2J4Wy3TTyTU1F8iMCrHBF8inZPw9Kg9YEZuJMdXDFNtuaK15u86mF2s2Z5B1vdL5MtZfWThFLnixKds8ABEmGbe8n75Dym5Wv3pkEXQ6XPpaMjUxHfRJB3EfcoFM5nsZHWSTfbFBcHxSRnEiiU67cgJsBUpQn7FvEvqNLiKM4fL3yyykMtQ6RjAS8rhycszphvQa5qFrDHie4vPuTq8,6990000000,0.00699
NY4PEzZ7Vfjvo3AYu7dBh4ziatarsMAVPnwtHZL6BfoKeaots7P629HvVAmDZNdiVNUitWMqVJhgphUregwCXnhVNRddztP93qbtSWCMzVk1UQmCVUpvQyb25nyH1PrpRSjpFewJWeN3bjiVF6bTAm2t11X4d2fKGnAo3PX2BFVeyAUre7T5CZs2uikxZisyrJ1djE4UY1uwpTFkJv3RzZ3JMugNDeicf7qWqtCtNH8E9uG56VD2dMvmsr5YHQbrKgxa5foyA4K8cD59o2ub9ezbhjSgfXbc6VLaXmp5SzdP6n61MaePNexedifBWwAsHFcaaVXf7oUkePp5dDpc5mBbaAuidBAwH4SaxnUNjPw2bHVSXEk3ZJwwBrZRG7CYBCvEN6wFuPyzuhGsJQwdCtvUqxViGhxWrhRYKwixLhScVdGwCFCF9HjuCXt92FkEZKRk1kJuNzMUuc9AUbafbwhi8RC96TVQrtnsajhomptLKFmQXg4nZQao3jwHV8kfZeyF9BX5kiWUnC83Wa7X7seGUcECHRPLAapk7Lr1kUQ6Q62RpBKeGUsfmPcyNhaZ2bmdxMxxHAhdZdKVr78R5ch2BvG7ZtV6wkHB1hcVJGJmU4dskPPR5EFd8gED72eeUnNAsTknW7ePfNMj4DYWGqf2QhPHDZXsyRN2Mczv4tgyRsNA2HR3U9oZikejcuYhha9yNsXEdNn23B8wa5aDZwR6hwZ9hQ74yv29sbfBAfe9XWT2UZAVaeZeazQSSrvAhicEKnwmCAvfwcZNS57SHJ1EfZf1oEt66S6mGFdBzcKPLZzmJmCgMiBmMThqMemT1XS1ovES76LVcpXSkyiEdA17htR5HuPWdDVfWNQAK2jAM8BjKGtvsh93oMFGvMaBVBAvj1QcfTr17LdeeT7h78bKzyF5SQWuyu46xtDbmTZVrR1ZSpnffiD8TbWnae85Bw1VfttScQ8yfa26dsc9pwLrHhYhC4XKEVPWYUxLHZd959tLA2kGNkJBJR8PPThR8PugaUTq1sQpLg4ezPPUjYyWFvhFf6Rcw5rcJAwj99AUwoEhPaUnxT3TxiEJBbD3Zsna33mQD9Zg69Zzr9xiLA7GzhhA998dwkpbbgqFxyASwH6yav5qDbXPZH7GPtt3nTjUfRs87SGYgVGHoGhqaVUAfQKW4TtvFicdpvQws5kg1nZthd7WkWcR7HqLc1R4wBPFynFVGc457vhQwaP78yQsQDHq86,2781282873,0.002781
nB3L2PD3J4rMmyGk7nnNdESpPXxhPRQ4t1chF8LTXtceMQjKCEgL2pFjPY6cehGjyEFZyHEomBTFXZyqfonvxDozrTtK5JzatD8SdmcPeJNWPvdRb5UxEMXE4WQtpAFzt2veT8Z6bmoWN,2112946734,0.002113
9iHG5u6So4Rhz5LscxUV7Y1c5Qjhxkr2gNWfx99obtSYneE8b6u,1926720709,0.001927
NY4PEzZ7VfjqPk9gZSNS6ERoYyYBEBebyeXUPs1sjEfdenV3Kq1QKWBSQ1Gfem47fPVRw5UXcYNXtgXNGqsD4DedukcYv5c5kviu94yWpyrh2tbXHea1tyfuEcb8njgvXkAxrXkjvgcPEQqy7BsR3KQPe8vzSaBG5V8WFHQqvHmpMXXYMvKDZzRbNjZUgYvVinGq6qx9hct1fFG15nFdcWZkzhBcu8ytydt3MmnkYEyL4L2rLD8Jp2Q16DfeaBBqmuyxpMoVxPrQzbPjq5GKTKrqnpisWVrubpAy5dg1oQ6tVZompLpwTWvX1xWspA9tWPmc3MCV2e6y313KzSosGLi2Sdv2ptDgJpKamQv6fNKmj3TWkNbPCDfjp2KXYcfYE1vQ5prRZCPCDhVgWP7bqpF3SeUTMJmvBaXjd1tBavjanquQDkYU4n5XBwJPvUa5kCAP1USTgP4cgPA6SzB8hg2RXmB4PmEWM2RWv2mrirYeTdZrzXCbpGCd9B9GK7bNknnYz1X8wVqyYxxQMZ7Rort4BVRNPNKzEMtdGKSmQpiWitfoAfphXL3SGMfwMT3sspgDcD93Ftiq9gf6kgawpFBKWJmV5jXmfiSCWkPW5x56L5hcc3NwJLYYjcMh81aXQBP4HguyudttZcF8QiDa6Ae3idS1BTegArbhZBFn1TQJGgWtuCubLC5Ja71FadEN1G1s4Uz4BapDu3WpNH4NJn3UeWavLd1EytGjevyJu8XjziAMYr6cPZsyhb95aj7LAHgwJ8YT42zWYoDxqhEzbuderVtfauVJxEo2Rt7p83hMtkFS8Dy3vNbdmGEhWEFfDEyquEHTLsYkehRMWTeTeoDpRhKpeXoDxTNriR6Fz6y3Koxwzg281gYhxxvew7TpvSa3cLvjBpNxuoUfhyT645u51cBsQzden3RB5LjJeToSctrx74nNGCm9sR7fQgzno2pETeit1mykq4eocy93EoTcypKitcbfhgAYwXrGcGUQyhsupFgPZMnms5VnWhCsGKkK93uy7z4BRgi9y2aU7zMUxPJN6q3kYhjcdgYhcgqLLmWo5pBRSxcuq3p3NhPnd2Tps5RztjtUS5ZkbRVsTri8Sy2J5xPLir6VB7uxcPCSYYGJaaVfENJ8tYLYH3m3TUoxRipyjNDDBmsRdujqFQvFoYiCyaPFgu9iqzMvuPDM7FDPAKV8V7A895N9SMMZkG7uAzVvLgrU8Wrxdby2CAX9ttmPJn,1704837376,0.001705
9hxVjNm4gzmH5vbaeQREwC9jtLwQQTHqBcz9PdfREMhohrPrRnT,1145898920,0.001146
uNSWCGrJoB8w8CD4eBFT28pcoDd3q9sGHYFrQXZc9GSeb8nP2TEGuDtMf17W4J9BogDHNYFYrXdskbbbhxMxYM3Yp4sK6b6qhqPS4DNb4vB73Jy8NCMcbaoUcFfQLcKm4nPkCpFdwdo9n7GzKEECFFXe6FiDFbnoEtqkTsseg88zDcZmVdanXvMa7fL6yJoYppQBBH1XPtjHzSqpg7m8iThpfjjp1Wi1yGbewpFsvZ5roq3TzU8Jk928fgUBWa8MnHConNXAai7FJTo5w9EXuEhXoLhmgoCbJSMrgR5diTNYHm17FGd6mU1dTnRpk1dvx7TjpCz9cadJQw6DHfGjprdiLjkkdjcjnpUrpMdBjBrCf5CgjdH7VkC3RtudksekKNGAHaV46nx4yChvPXJSDmRjY8zPrXruzPqfJgXnajRcKJ2PW6uA7bx8yXVEAwhCFhyAxfGkab2FycXhSi4hQWJoQRETDpj5SvNRxE86aL5GdXYzQs9zbd1rqWAr9sqQ7tGTwh9TLmSMsLDmU7z9RoqpYEacLJvPYdMRD2EJYJVGN9XFHcnUcAGQNxDx7bks4opAtFvTQpX5SUHog6WNMsbwP5sRJGMN4Tm4yszqVvQAiPATDBmtQLVwqG13aan5bp87noNVr9vBZraLoEtuEuLqD1foBgN5NF5yTUJgoA5RSQhiquCr98tpZWivCeFoFVLTYknBfejLULv4faTUTPAp4KztNdeMqkYcDhjqTRFko7Lbf2XsUxeaYDvotcLn3hmgeJsr45SwbrUyDtsFtVuwPjis1vJiWwyNwF4WJiP4XrgEVJpNNXGMZJjpYZ7cNZx5Eary3LCKegMwDus4j1WUhxEW7q5BowgGuFwsncWpFBXPpbJeuBu3tbsXfyrDxQFHYVoLyGRDb2bJjazAWVY3eVNMNsxLk4aBiNMstfAynGngbw8r7hw5vhMWLL7S2CaBrz5ELbVZRowvBgDXc7Xxx6XiMN1x6KZhSU8gFHjAuzggHNo5WEfg9bE4G5qUsdpbsF29iorGCxyKFNiWfVriELMGBo4vgmvEwoPft2yREQjay4U5se4GWT7SBmYN7cWmM9c5qQzzQtVP78Xht13wH93QmVh6NDXb8hCC8p3vgR34ejXuCuXiLd1h52EVxcn7zUUHLmvEo4JaivGuPZgWHeeu6r7kg5nhBrzWkmvVXpiTbdEvMFvsh6vgMamytw6EtJuDBpKuk3xHrdBEHaoWLDBqxNL7TeewnK4qipPiJsszNtbuwkHpkYSMzaC9Yjs6AoKEPL2cpg28dJkXmA7gsC8g8fxxZL3GkhraLGpKPKotbEQNWaNo7AuZyGYEwaFdfkrGXLY5BBTNaYpyEYk6qaUk3oemvaA9TPZnijqbcU5W1YenQkHsh1Qbw2V36SX3qLrzwNVqvurDysRs9MjymKG1SgWfdi5Ti9dFcCW7DU3xtkrKdzXnsJoDbAfcZkqn3iczDVx119Y8QVDMrubAJFPqTCvKYNsZtQTe5Qw33D7YYb6Q6CW6SuVCXS9VAV9LwmYdbdRzU2bVQ1yuxby6NAhN4WX2evNv4PLowM3DfURPKVDV6js7zJ2b1SDFg445mLkhDac4RWTmCtPmze5wAtV2y3hoS9mTQtiHHftmNhroSJZW4eKpFZvm2jzT5QCttvxnoxZGSNfy6dmQbprDNYZfGkEJoCASooctFH1MEr8gP8P1XnC8Q183XUveQsXyad7Pfbew1t5TseXWuDrb9gcusmVVaH,1124183949,0.001124
NY4PEzZ7VfjtnTN697R7my9uAVkCYb6N71J2RSmJCFSdDqVf9aPvFQqKXujYDBtSA8hxYVUgkGgU9SP2Ss7JDUkHkdGLBqZwH4yDcPyVvbVbcre3o7nR59wiFDVtjzCjfZmVvMVJD9HiW4GKqVuZGTQCKns8tDe3sJoDNTL3VmhzRUPZf9JCN4TNji1ruXf5CxqWtDrCfoxE4xfbRWGmtBMdLMoRdL85V7z1fP5KxroWX5YgZQo28nTCU3WjPuY2YrjqYYGNHXvFZ9G8E85kCcseNtRWqViXGFzmwqHWKaYe4AdJzBbMKzJWYszsbiemNvisPtT2Yj3FjAmAErpW3gMeWyH3WtbipaAu9D31ggpLeLkLTGscJ9HB2oExpGWvv6u9mGdkTJMHYUuZJUGrcJPE3m7ZTEFxwkbeR9oD8nHHgW4SB46kHFbxzNoUksGPZQnxf95J3e5PUnhYgg7mrQLNpq6pphgGukFcHDgAN2rgFmUSDVsuzomhP735SMiveXSPzx6PZeP7CmrEHyXN6mFbBJuY17kvzzix1w9eFwryZDuZqnAANkYhF3TLkLyGZfSC4o9iAGynpivuNMUgbKAuj6D116tKoCq9PHELL8eTefmXNLFuhauQuKRjmWQKj9zYSd7qi6Zf49KX25PnWHkC3REc4abYpjtiQFefT2HkWRwneTCkJ8uMvoHs6kJzLg8NVzH8XwEZhTM2tNSDhBKZaURpYiQcHwLDgv5uFiwhasLAdZi2EJywBYX51NKc6m4MEsTiAJC9jkEydWcwyDzSHN18yEr4rvEgMNkUhLHJokgV2v3BNFhUTJqe58e2QXAmx9MytUDqzg3vwexEpMhueC2roYA27P1mmb85HKEz15a8LnuUT8ZjmG8kDbHuPYFyxcATytVuDrFDzqKBt9X36bocip4ZU4RRY8JcWjJvMcrBCjV3EhDVQ4it8bhoZnn79PsXazvDteua1NEYEJniPnNrRaiKTUWrseEUQ2vVjWy134jMxRbeiARhoj7MDxug2kFP8jRGSsxWt3Qqbv2SezT3xZ8jYxTyQ2CiyJ61CvUQwPtmoY3XKjrgrJKwnSzJRs4egKPYZKoSiSy6UdHMKuNDmys8wYo3Gi2EgVdUYRLLWcHh5Z2H91odSbTW2h5e6pZeY4a45TgihE6ZnZBhHGc75zJjukhPgP1wEp8GrreHA7ejvTEmpwNgj571x5JrvRD5TxWaFuZKBonGexovAK2L5v,1114967436,0.001115
9iGaAifbvh9ffnpMqo95sihf9aGCFhtHTtDc4LsYnnWjZ4XpHjH,1004905841,0.001005
9hBEAVZ9MHLf7mwVrvP3nqptdqYVdYGu1byPH8XFzC7KDuzrb8W,594892500,0.000595
9g3Vuc7SFaqVVe3sbuU1wHP6L4rhzxEuS1VpMtKhuNL9EdjrgzA,479900153,0.00048
9fngzgu3YrNBQq3j1RNNpMsH1pAdwZ15v9jzFCGGWBvQZLuQ2iX,417424466,0.000417
9iM8s9szdAeaTpUoGbb4iz51VDdLYmanpLw4QS5FLMMUDChUPP7,375576860,0.000376
9hCe4cWCLyzEdWUCY9kJdC7v9vvnQoAJtiUfRwhoJJiAwM3ASM1,361927696,0.000362
9iEa4LwSa5JTV8TWduu7T68Ltdvv6qNLNGuBCeXRnHknrYBJnya,327506888,0.000328
9efXnpF7ZC9w2pdbeRLerTJbS4NbuAgCvxaMV1toW9kRAcZoFv6,303327316,0.000303
9iDqz6BhS6Y5y5LvZp3jijb8oeNk53JRQQGA9anEg9JVeyYNCzn,303044786,0.000303
9eeTTnk1xpraTzVWztdYA9XraqaqAq9tky7g8UHheDFyqEMHEmd,300000000,0.0003
9hzqs4vqHJGkS4ntSvNcbHcfpLqxrVhQ6KVkokdmgKDCECpzeiS,296391574,0.000296
9fQD5GBmrrExeFsSEWu1EzeJEdrGiJzKmb1vGEAtYmNzM42Jnsh,289286898,0.000289
9fKJCbDRRMndknc5gA2SDfhXppUgU638jZRE7vr1srLBZ9Y2iPb,284151838,0.000284
HNJiaJVyw1qz5jgKrEemNwnJd2Mc5FJgsNTDMkMrx73pVyxcinng2m8cDyMktacXQjvBsvNoMxucxmme66RPeCAz9bV3fPFYPo4umKZVwkQosRktScyUvQ8o8PPe64K6fu5iFVCvMbjgi47q3CBQS42e9xDNa8xwVf35a6sL7sXMzDZVfgbo7S9F1ufKhDgC4nFuxucyJp1Q7TXQifbuorHEfACknKoXhyvS7ddHBXPFVdrDTWpi17HUsgZPZQGosjUjkHWHZRuBv8H73JwB3ifA2R8HSriN2xgNNZWE4sWYhvVdVQ6UiXxjD1yqKwABKg189v4chCgTFNd4qy6RVoMVJs17Fe1vxRN9eaMwAowi3ok1hLGjMSsinxKY8vHkRdXPTqLyUTDQVkZ8DrDfsbdoDYrqpybrUjsD6wBPGpqr13NqFbyW727FYwV8SoAnvDRbkcZ21EQ8u4HeYePgDdQMEMwqzqRUHgVY3evBtPfEELbQphjVTm1p5FkRcF5yuvREj72oG4xt3,277455232,0.000277
9fCTU8M8EB7RYZqqXK4it8vDhgtgxAAn8UBKVmwwmsVGsXYEhEY,270203474,0.00027
9hN5z9tnWvM4SjQFo9MQxc5vymBa13ALXeFL8UssU1Poj8hyxPV,222501530,0.000223
9ga4xxzRpV6hy92mJGLjYQKf2hu4STPbzB7wkgHtMebWT3aknPM,217480509,0.000217
2DxRv75maq3FewTq4mCgRzJedpUXxk5iUYhEEh7GifusR3sp4MN98RDo9dR7dvPkyKwKWJgxRMkoyYUCWUzEqzhJSTtTNSwckmbqvuAsbTbRF9EJqgMkQzLHWaqyMvdiBC1LGNyC16qWkp64oYn3nEL4qoZWUr79mLpaHLCnNAHkVPUuG45bqno9n6fLNKbsQV9CDvda8bMFHKPgnYrcGhWwt,210000000,0.00021
9fDJhKprNYyyqZNiTAZskPRMZM5N75xYEnnoXoe1vFTt3RDR7E9,198634358,0.000199
ZPBQ8yL1wGjPBFE7ZbLYxzGSrLZbeNGxodjoVsE8zTzmyEagNHXrufzveLZtmkQ38kZMcgyjhYKFLMAdABSh1XNiyd9XKNLBiyfMqgC36RPLcY6oMSCRVYNpq3UX1EjYCxBqueaZMMporh9vLoDMhE5e4E14ZL42FqNvpy3n72C3RwUTzaZwx3SeF8GjQwYK3sgt7Dkq9iKeX3tNAt9aVsnVTUumjMeF8G4pBeejRrRY8qWXBtMzHceMw38837vZJ3AcAwCUdVGQcaaG5fzPLt3PpyVnr6XFXLuoGbK9Ygs6x4vJNbAJteQxB6EFT9Hyi9HeWeQzh48GUmAVoEGBMMxrkU1ZKfApkwPbihfm5a3qPp7w22no9DP9WS3ybyQ3ttt9iFKtCchu8bGJPJuMhrDQySgSqcXJjnskmEpf31EuH86UFPYa75oLK2d2SvYpX2W6z4wmo828Lv3NaMz2Wm46oE9n96BPZng4z8n74ZTEPk8ydShLJ4GsJ9HtS8i1wUhbaeQ4pqFVV4qEJ45BQbLLyqPkmKJDHSLg6gWmve7wtfWrdv8XpsRFEkknJHXB1KatQBX1o7YTL2xSPgMbn6NmgNEiV6CiyscrMvwKj6Ms7GrKwjrQi2yN9t2GL5gL2DEfCsW2xtAr74B14bzzVp5MBZLjBUDE45YbJRdegMmH8eTmRY9Adp7Y5jifKZMyFdsYKK4KuGvv7oQReBnaLRPTYeFsEPidZ7EkigggyfMhqhYhB2osdRCX5454mzXcwE16auEXXxMyRRAdZkKGDQ68PWSmMjYiTBeroTyLYFjnvuaTeTDXz3fWVVVEYMtbFvMztsC6sraJtLTBr76R6Q5utzDoFRpgKuVSD3R3Me7CY8WhE823CSfMA82evcr3Cq4rJrKSZm4as3EHetXXW2AbJLmp6M5hU79DgEbsbSNgi7innpE4RGy9T8EUR7gvM8634kP9A7XfxkFRHU7QFyjxE9NnnLmQpG9C8AcC9NMtMycxiHs9y6wSgz5ZWqqzMexgmnq85AoKiwuknvuLgxjt9YctueZFvELeHbrL7Pr2Ywrn5Y2MDdv6Z7VNHAwMQ7KfEKxSYecgvNYDzNuvRdSRxdo5ST3s8KZwNL6JwJZ5jAc6TTL9txzbPQh9AdqkpNc2rsabyz6ChXAQkqXeEHmk4bDGfuc7tBH2BND6cVtj23dpfoCrrkb6fKUyxRz64mbxt3a15Qz7XMWCvN997GXHLpPMWCASRrtPJy9QhC1Mxxpmty9XuSXK54BDJUNdkMJ9CN8BhLT7igKnj23MA33oZkgiW93q4qJ8nZF2Bu57vYNN6Vozg3FCmFc2rTLm9zrVdgMT5McVvwefXDukVhF1Sc9g4DDgg825He5GnhdpqGtiRgmjeAVmeo8EXuJjPUWpNpSCzjy1oLaw1f6Y9kgm7CrD96Mzue8Fvijr9paRiKUqvDvx7KLkQbxDxYnJyGd2Mc6Ne9kBRXgriLeFTCTEnZewX41J1qcvGC5kTz2mRKsd3A3uusMXNDnghLpA18gXbMcNWiPBwQRPPJg9bzJS1CpiVekmhfDfQGzx3Ub5egEeUvpz451sWwWDd8YM1cxfTxRQs7xoGwKd8DLLcREfYuv8yBdz2y1N1HzndhL4ZHP62AZasnP8KEc5K3CCB5ksPDUWXDxYAHHu9YazkKGgL3SpXVAG1TouXQa3M5rSgR3FAr1b5g4WEhuC1H7EvCdy2UruQcuYEMFhFWYktowKdvZ5JAYLcpfs9ebCoXvFLbWGcZLp2vLnQnU8PbFvPMHNaFLnZTTJbm8PLrrtrACTnA2829QPiAYPJ468G4vraQHt1FetEqDNrfupMMpNwNPdFe6J5EUQMZA2cbsjJn7ctM2ToryKo9DwmuYDGTp3kgF3bqopS8CYmp7EcdftGuhztqoaDAXrDS4DDKfwSyfBQvhKDdp7WdmWNYvYrAgNa941peChW7jt9nerneiuVSrD6rFbLnbrtbvJ8AfHBwvzfKW8HRX3vo65rE17ZAnzb44ExYKmGzW6AncCiRZppv9fhttDVJu27hTV3hkLwsCaUvYxvCy8AFgyg1UYu1TSGt1UyveFp5ngD3KUDLEL9LuxVCqFNYuo3bUhhRqCJvb4imJ26u57XQvn8Cb9wPNe5WhoohhHcGzUzhNDKM9ta26FQMHbQHcQm1cfEPi4ZkEjWMyfx3iEtRKTEbEoUxKVhygTjy8uaQtWwLqiJUQwZYRayk74iUGvxWAnBELWBhED3iEvXUCpMyRreFeDYiui78h6Fbdmhu5vfQdhNbcPRnTZFLuyzXyztuTsK8z6gjda4YTengw7FMhJJeXZCCq4KJ3WZo2wLK5kxLQZeE36jmg5b2C4u9LRRVcxiLRt1yDvFhvrj1QFtYPTvkUKSBKGs8BAEcT,197921918,0.000198
HNJiaJVyw1z7GmWFmy7YmwutB3rDGSMsGc81obWpaStTYhmvW6rKkQfJg8MZxbVqnv5Y63z4Au3FNEeB69jpz4rqa8PyAVmjcPdD3tHWePSYTfzWNgXAoyxAMdZ8ETcPiATVNMKCZK75r8jusU7sr4q7zCCt9L9hrfddaR1HcA7NdGsTPFdNQ68wEF2nuHQPpkAbvMg5WYNYXSD9VZwKLa9KnqtnoS1JqMwXJj3PdTzbncA7TGEXw1Z2k3SdMXyE3S4yDJcn49yt18r1eB51JGjMznbY3vSPsuKw5tQMvnCjssGLzjLgs54ZMqv1Hm84TpiPVfmjyCcuxoNeckufito7Ks46EmigKhteMXYHUWNBGoCHLh3x3wuJ7QnnspX9HqEub6t9J1pP7HQfDg8Wgioais1pCMVVSRmbq7hRjXhgHEkLeiixxh3XSb8hXkwbdi5JyDDVJ94jXLdRpZfG4rWjrwm5PLCF9sCENPxFrMEqWmQoj3MpMUzkZDEqjrvTgWyshbgwbqPCA,194777279,0.000195
9iMBukQGFdH8bUBhgPP6wuSdW1e5cG35hZSpDgiQFYbZzQKPUr5,177401144,0.000177
9ec5McHRrXrXAyfUQkAjooAwnEpy8DJMFUKGRkNtR3L4TtSnjsD,175336179,0.000175
9eqqKKBMRSgQHDTeQxGGtsADTJURiArcUH3Sw1w8AZzKSCFXPBq,156938929,0.000157
9fTH6wVEEcAPn9mRc2nVnsnmJNNhV7WvX7DwPHp1rxhRJTsDMoB,150000000,0.00015
3gb1RZucekcRdda82TSNS4FZSREhGLoi1FxGDmMZdVeLtYYixPRviEdYireoM9RqC6Jf4kx85Y1jmUg5XzGgqdjpkhHm7kJZdgUR3VBwuLZuyHVqdSNv3eanqpknYsXtUwvUA16HFwNa3HgVRAnGC8zj8U7kksrfjycAM1yb19BB4TYR2BKWN7mpvoeoTuAKcAFH26cM46CEYsDRDn832wVNTLAmzz4Q6FqE29H9euwYzKiebgxQbWUxtupvfSbKaHpQcZAo5Dhyc6PFPyGVFZVRGZZ4Kftgi1NMRnGwKG7NTtXsFMsJP6A7yvLy8UZaMPe69BUAkpbSJdcWem3WpPUE7UpXv4itDkS5KVVaFtVyfx8PQxzi2eotP2uXtfairHuKinbpSFTSFKW3GxmXaw7vQs1JuVd8NhNShX6hxSqCP6sxojrqBxA48T2KcxNrmE3uFk7Pt4vPPdMAS4PW6UU82UD9rfhe3SMytK6DkjCocuRwuNqFoy4k25TXbGauTNgKuPKY3CxgkTpw9WfWsmtei178tLefhUEGJueueXSZo7negPYtmcYpoMhCuv4G1JZc283Q7f3mNXS,149154515,0.000149
9i97VpdQp9tkmthmzNvGJgNBsVDP1bZN1m1KJgEXBbofLDxJBk6,147505998,0.000148
9gaSH3556XWMEuwwwXpu6DgWe3nvyzHVqtWtwgba5ZtxeB5hAKk,138294163,0.000138
9h5PmjJsuXoaZwB6t1Zojj6NQTZPBoFrYXMazrti9sDRcSUtanh,134891961,0.000135
9frZ8diPNsECBRcMaN2ADz8uCEdzHwTyWBvoz9T9NxqQEWGKunP,132406954,0.000132
9fthG4F5FQ1qEfuNFR4NY5H12ecguNro9wX9qMeMgnkBVENXT7V,127144754,0.000127
9es6r1QZzrDQedkKoNrsdN1vJv9m6iPsXNpLLxE8HLCsX2KXzeS,125000000,0.000125
9hmS5u1Khhc4PFERTA2dGzSkDuwUrrENQEUAveF6gHj8xCi9qy3,118396947,0.000118
9fJ4PApNUyw6ywDFYmV7abcgLUPnaxK8S3icdvC7MQYQpQfdeAP,115757644,0.000116
LXwmG9jPiXvYd6Z1DWRazpc2wTdpW2awCB9NV5qjJx4UFoncqYxve6G1gzTVBNCsDwSu5ZPEi6LNLuPdzM1r9DUMgAzEfGghKeoGebPAyLCerZ8Us4ukQSJPj8j3TQY5JLZDqS2BRcPkmovmt7SZCKD95zoNgsitrYdmv2JhoC8Wmq7aM3DpwmhejCZ59n1ZYCAL7LsKw4zX45tH3sGLXxmeBNCCkcT2yxiziEAn2C3ybXqqab7cMhkoNdRMwXpUUpk3489kfyTY7SjbUPqPKhkH9veUS6H4U7a4HaEi7tPyueHTbjjQZjCZd5uGi5tC7jMvrgjYqByUG9PA9oeXHj89RxK5TPbbmkmsZVHVtdBzfHiexJh32LMszDRHuUc6YfisZKx9kNSSzadBdLbJUGHeCd8XaBg6w3e1uUBQDghpx2z44C2GZbAmUQSUQ2jqY8BBwEhtaxzZ69NK3dEjTFgsZ1R3nkbhbAu5Xs5fabBWZo6RvaPf8jTKRwKaNgQZrL93QV2JEZoapbRHCdvzaHHpBLr1p6nkDg2kB3rUTj6kmaabxswG8bSLAA9qYZhDCyh1QdSyUnd9T2o7qHybaoeEuqG1kEWYon4741ut8HCqbwEjKze6rDuEbnPUYzSr7kiwoPeV2GrdsVFRLgxwgHJoENgjUhj1VVKZB2q7n8S6smwf7CJyYZZCZGkg5bLpywJddmegJjk2FuLwA2VEmnrDKRGpFkhxBc2rbj974XgGcBZ66mPTtwrXUwjY9G5hUArtYs8WhsCDAH58yaHFFViaAhBNDQ3HBtFbXwh6b1osdv8zDSvncYXPx2iikhmf6TRC2DE2ENYtzhLHJmgyXmQkm7yXp6nWxJaeLnUuxRaWdxxQSPy1Wnm1GvKJYzRBhv9RdcmDnEgKs21ex5uSSdqJ4H53Qs6StxGyQ4HyjTjEVUxTbUZpnzvECgAufKkuSPyC2mYkKKGrzWmvv5sh6fyo4eAq9QnfXB9YMETMpJbx5dFpc6ZXYimSCfJbJfP1bpCe1hXkhTPWeZJ9aPX6HZEfu89ChZiX32MaSM3QnnUhRbSnzdQ2jVAtqqwjNN5SeNNvXNxS6B1UHj52TGvGrLnNUp4BWgNKAAwpBxAAB7wny9tUSXt6jHVnGHBG1vJWF7S9DeaVjKg3qR8j1bUsGqh9bVkarag4SREopK8cHwFpb2yFcdGERfaKHyekAUjVkhqySH3Vb8GiAdDbRArKV2ip4eveocsFwjoCD5i9rotksNysgi9RDjkApYm7aJegC79omCujHVYFpU6HtV2AhNVFRvVBG2xDW9YEKEm3RxrjoCttM6sFkbNX61CSiQ3LsBPvcd5Aix9NUESjbNxFwARZ75UgquvFddApn13yxSqfzVoE9L3eRnAMxd7KHudBWQsnDK,114100002,0.000114
9ggZtZsqziZn1pNF119N7AuAfNx9vvwRZp5uBZB7PUqUzmHVycH,108095002,0.000108
47r8CNpYJhLaJy9vQAyyhVX7SLu73dg8EDmi9zzei7YWomvTAbNaZMAHdM38TsFoiZfAcKuyrgngD6ZS2uPQktLfFpvypxkRiRi9LswRYd5tk6B5HHDsFNMfLcdqeWT9RDR2SRq1zm2HF9F913aY1gc9gVyeh8PGED2ThKJ2NCG19XhyPqCbgTFY5uTC6RaqpGCdH9p58fD4DWDd46D3EfUXz3XLzqGQvDGXTghkh9UtZ1LB7nFFoPDFc2QVDt6BCtTQwq4Jh9vFfTfBG9q6ReVF5cVX7nA6vXhWjUuHKMd7Zw5anM2u95e,106629421,0.000107
9hoX2vdzZAkTspWk6NddPHgs2mmUZJuqRRdvUv49cmmKhMRpiPR,102049949,0.000102
9fsNERkv4QU4D1TJs3gux7oVgbpng4227PnudU5GpjW4PJGdspq,101111386,0.000101
9hBRF6tXmqEhTcSHYZfo6vnVxEaL7cTyBPpQvnmRi4SqQDC32Gd,99462097,9.9e-05
9f8n2PrALADGP2TfzXnt3Rh9UNwqwaQhGvBJPHP3bQ3cSZGJihB,98197230,9.8e-05
LXwmG9jPiXvYd6Z1DWRazpc2wTdpW2awCB9NV5qjJx4UFoncqYxve6G1gzTVBNCsDwSu5ZPEi6LNLuPdzM1r9DUMgAzEfGghKeoGebPAyLCerZ8Us4ukQSJPj8j3TQY5JLZBwceKrx1KHjeRRQBwBgxTkfButyeLtHgMELArAC9DDaZbYg7o2t98LMUZyArDzmK5fmhdKgeo6Dw4oZ1ENbepgqG35kR2pS63heXUeEuhH4nvqfLGHwSTanzhsQeBmYH9iqxSFfCvoRFnasoEPkWAv6PwGURqUk23wS5J9CaSadgPYRNdB915Vjf2kvxxmPFwoW9Uq1ZRo5DDS49goU3YbMgDJPnekbGQ9u9jMcwvo8FGRMiJVyEy2zdncnqPUaipekDaDowgf8EKYxBRYPo93DGga9FCVAoMC2PzRXRN1Q4X2zCx9onwMPoTWu2nFjYdx58bqzqs2ToK4S7UXZw4vpt6oSam7XN2miAfSN8WJmYRJ3FSGNfUz1ryo6N8uoecwEGeFksvbkobAvykuDGzeCNgdeNnRnMFZrco3kPvdzMf75tsRJu5ZTpTMW5mJWm6NbPJwxgV5JdxUvHPd8SCCmFKxhFywqVifp6WRMMqfVKaBdmXWG7zzN6hJZhf9EHupjR4KZExmuShvpx5bA1YyMUz1MpE9VP7vkLJWDYXfpJHJEWFRiADfSHt2RE5LzepxScfoHfpE7C6e4TBQBZd3dndxWDRREZSV45A1iXdq14AYqcsoBJ5Y8JCGHzXaGCLiBHvsXFMfUdTHhbPA8cegddhhZ2tK29UhR3veSGcjVZ1YwzVthQeJZK8RMbbbdf2s3f7dr8a7YGLU31T2jjy4tPR26ZFSadcuuMFR6QQisRP7qBKpgmUJc68fWdwNsLr8FLW8q2yipH1YnsWG389BQ9aXM4Zfb2WmXUT6JCpaeABWUFCLv6w3BkuBHyUFmmfiiHNx1E9u1VEuibAJYEkC6BEuoCKDqxMV62wdjbahsAn4fZdpQyVMK6xADbY2FXrREeaq4KDGzY4XYVZxaEZs3CEeedoZjFLbBe7ysm4MWqCiK7tucARTFF4XaxoH1C5JqqiraqRm4HBGVcjfzcyMwMHUC15m2N4AoQycb97Dn8W4Qp7s7gmchThLotvP2E7t7CXDa21cwKdVx9nh2xTJRPaXzMjt49L4AbXqT9RJ9PeRsYzKcQLcgugdDoB3vDtFBTZeoNNvf43JFpapTozoQtSfj7iNrPYfaEkNvCEzLjqJVyMPZ7gt13aySy5jDPp2vF5hGd5f6yv21PAiwQtfV47hn7y5hZfKv4T3gDE4sD6UQ2HFmhrAXmcuZ4AtfZZXpC3vgw6vhraKUFsHKjLZU3WKKAwnPW1HJC61jiutpnaBK1hDhop6FHkjvNtGrSnti,98001019,9.8e-05
9hVeFbrHXSrhhbgiAG63C4zkFzc1EbabwP23e6QtNs9usRFL5e1,91143492,9.1e-05
9gptAUg2Xs3b7u1g2JyYLjJeSmF6vGTFJ3qc1EriyiNikJMbXFM,89553432,9e-05
9ggVuq3S4M4u615h1kU6NAvvLv8PZ1b1AQNnTgbGd3wD5HiAxSh,83488000,8.3e-05
9gC4Y9muW7d9F4arp5CR3vdkWxTmesF9xSeDBqXDHQ3sJxpiyEP,83219990,8.3e-05
9i3xHmrWJ3UUjiwdv4q2gSv9FaQgQW4gMY4H9zCmcCik3gzDTgv,80303117,8e-05
9hkjeK9A6geY7gm58KAVXc8o3CVXiAEvex42EC1wzghMV3UZM9S,80006217,8e-05
9iLupH7ySEU184KKXk31dt6E1n5V3RsufWwSi4dqMGQx14n5dnF,77364422,7.7e-05
9gaXeA5bTzkJH7tK2ZasGKNQG7KB4LReRdG6qq8VLEVE8vsYq6r,75347394,7.5e-05
9gLMbJL6ioEU5FADZPjXebhVdiKMDDMXuKbx1XSc7YuWMmmqEDJ,73083404,7.3e-05
9geGYpZ77LeXcn87XtsmUJAinF1tVfZfCj1GPHY4kKF9bSh1mQR,72880454,7.3e-05
9gzsnNQXnJkYQ245cC9W27ywzrAyKyxjdfu371Vtr1frQDMjGWq,70537480,7.1e-05
9fZ96JpYU1LVdmyVKbPZ5EwgoHqTmF6SiWwoYbYMgnzHi5zVEQ1,69801498,7e-05
9fzx9XDj2rv6Dgqpvitt1LBxAgwdjPg2T2dYGicSk3FYfn24c25,69724566,7e-05
9fSeAsJjjqWF1hZkJUDn3TLAwDU7riNnHr6srnqKJT2KKDSxTyL,68051373,6.8e-05
9fBdhj8tDTCb6rFHDgesyvFHsXTNPZvqBfvpDkuUahSW2GAonrx,67783873,6.8e-05
9gc491gyLnpfGM8tyPssxsfsYUq4XPb5xPQLe7MfFdUhJkg4n3A,65015402,6.5e-05
9fmksSKWcRfHPeEK2Py37UytQPEknUXuwAEuEkvBxYY8EPKcKoH,64665680,6.5e-05
9gyc2KPnTSo9fn5L9srX5TPS8uVpR2ji4uYqFpTfkx1LbbD3HcJ,63325014,6.3e-05
9fCsE5uXDzdNoSRG6H6M9S3EKXXskP7q1T8G9PV39aiUytSKhty,63009999,6.3e-05
9iFwAn8eqBuAzXpQ4oK476GW6tEJjhYRYPMXxQBteqfFB3MeEFo,60942790,6.1e-05
9hEQKoQzKekCnbwV5TQ3jzfgNUGRopYcGtNa7dEqqtyp6pnvimD,60486232,6e-05
9gmjdMHStE97wmNL8rbzCmyQB6Bn2boAQVZqUKrGJD4A5ZK3KMW,60001000,6e-05
9iPnbipdxUZKqYLHBpbQFu7pL99gHTg4S5xfa2FbppPS7mdscBv,60000000,6e-05
9fg8LdwFyVtzErrmHNpp9hjK3842mLsAWRyo9gCRKFoGJX2ZU7o,59923917,6e-05
9g9DHxQFWVvnyuScR2KqEttRkyq4h814ZHKKTuwHzAv84oUejmb,59067458,5.9e-05
9evxCTVZ6H15ghPmBJpsLa4m6rYoMXMUiSJgUyJtM2fjtbLcsD7,57789697,5.8e-05
9gUc5cfJY1UjYGdaqgdJFDbZysdzKx2rRZkjqNHKr8uBHyfanTa,56576218,5.7e-05
9fwCoySdHP1Ss8mvrZnbDhYRmx9Zn2J3aJtKK8YoCmbxKMMCnHJ,56060594,5.6e-05
9gebGxt4FkeFyvhss7LSSc8Wbp1fBiWQoVwUcYmGeqnTpyBAXhF,54053189,5.4e-05
9gr2FKEieWqq8ZB1w8KwUe8BveoNysdAVK2MndnMAZiozPMupmF,53690930,5.4e-05
9iFswetNfCerYT2WNoUTJbfMf6WdBGBQy6jaW7G12kyVU81bVmi,52428879,5.2e-05
9gm9VgbhsUaxfrx4wrKvLo3tn1Z2jYgV8FFXCxrKts9yVanTHkt,51490579,5.1e-05
9fNNZ5SiCm9ZT6Wn2xYXWcCB5n3tAMKbNCoxXP4YqLXaXYwVLhr,50462870,5e-05
9fr6aBv2gDwfqeTCnrkZPpAy3jC11mzjiQv3M4QMNtkoFSRX3EX,50170983,5e-05
9em7rozkXqWeSidKF8bNmyGZMQC3jsjFRtb4uerS2QEvQeNkCyE,50000000,5e-05
9fzXnLfrbHDxF9hscRLem73s26eWU8bnyzv2qpAMVaH9KgThDdA,49999999,5e-05
9h5EGHuGpNTCnhQCxqqZBj3KD7BuSQ92VQJPM6x1GeU6ENy4oHb,49999999,5e-05
9egkyEq5MQMkBupFbz4f1cFcqQpy5C4fPnZTTAH3xYWXSvRKgXU,49118199,4.9e-05
9fMZp3JYRydzM2pTqyUKCHYzsMFQtBWy6i9F2QEMwBDfsjKdSEr,48809504,4.9e-05
9hRNT5TCiHqEyPHeyDzxdzpX9P6ptMvfjcc5MifYjnuQs6WHUQa,47182477,4.7e-05
9g5ARC8CN4K17tz4Vy74YdG4ZMka5ab8KV5YqWoo2aAqxpRvPzF,46617674,4.7e-05
9fkQVnQNg9Gu44HG1d8TtbyMx2cJ8tTeQNU63ttrViYjeDNSsFg,46255911,4.6e-05
9hMzRNwpeUEVfgyfrGttKcJ6thcZAcsKyCxR3BrCJvT6ByG2LuX,46154694,4.6e-05
9gtMW9FZGYYgTKV8REWFg11129qJEokBQ1L39NRvpnVtF735tUQ,45753963,4.6e-05
9gQ32HVVbzb1dJ95o5abfCwTRgqKxPSDEWf9RQ8nu4dgJXJCFq7,44104042,4.4e-05
9fKDx8ewWyJfnXXy6yVrg7WfwUiq9KhNfuyXT6MH3Fki1h9SftV,43578055,4.4e-05
9fJegikJsvogjimpzK3Y4Q2tq4mBjdm1D5pwXZoYyRvZZcCbkC3,42999014,4.3e-05
9gcaF4uPgmRfV6RzaMmHms5XFv5H6QaFLH9Ag9SThiRopbMvBSV,42862405,4.3e-05
9gBw9qCXEMGxi1nEXw2iEeGimEtjYjTKafpKEr93oVPv3yqE3Qc,42500970,4.3e-05
9hXBE33smJ8tWf4SPYy8hWuNQpfFqdR9ECaeWzWNTk3ayRXsiQD,42331324,4.2e-05
9fKSo5SR1TT14q3st9q74ELyWTdadbAQ16t8o6k4cKT7XE72hbe,42068099,4.2e-05
9fNF3inSKsChVowFMZ2UaxT7QLsVhQx3XDkLBLyXS8GKQHUw1eq,42028328,4.2e-05
9fbzAZAQauntRwsnCNFPb7DzT7854qWp4uxeWrhgiscW43aFGfN,41977259,4.2e-05
9gNVGNJLA5WomoJ2zr1cUzFJ72yLwxg1MHDFpEfeyXygMkgM5iK,41894919,4.2e-05
9g8hGyoC8s7guQBE5Lz3FNquoWW54sPG2J1P8pC1PmygMoqzbxD,41840878,4.2e-05
9fQGvJn4yv4aLCo9t8rhUTHVYgsBC9BHtFeqzVdE7h2hxmyKR6h,41572162,4.2e-05
9fBZ6KBjhAv6mHMaVNEGDTVG7qkuLDQhzk84sEsM3GtiSx4Jy9T,41330252,4.1e-05
9g4Ad8D7ptCQ7XQBzvEdSoVvHSjdMUkmDHgi4nx8KyLddCEC6x1,41161727,4.1e-05
9h9EcUurfaKa6RcPyMsUYpnLUvpXQAnTuH5xJXAHS8CuWdkMn2G,40044434,4e-05
9hLszawB6vkdh7WAHrVpgXgZ28akaSHwZQunuDS1szrLsBoxHLU,40005178,4e-05
9grKhvEcJDb6xi1Za7GGNgcrWwQaoEAbeSKWPWju5NSPEwcqcn8,39371000,3.9e-05
9gfEUfHcXzqHvGMLUyLeiBq4vpGAQW392sUmxrdQ9KRVNffW5A9,39284550,3.9e-05
9fRBLHy5GMofGGNyFkYJypZbwL8VKQwiVinEJ4NRfUgMuJAVbmG,38999999,3.9e-05
9fmwCti1x2hLRorA984awXsXFJRpsytjqWU3F1hnDGvrQAxRmU5,38000000,3.8e-05
9gknychhF3UTPBtBZ3EeZDn77RCJ7wXMwb3CA9uiZikwaWDruhi,37446285,3.7e-05
9gtsRTKprHbEovk6HePM4AYDjarC3cWt692BDeCb4TUcJGYhgBY,37365778,3.7e-05
9gh6kMKLVkWpH9nkKZ3gu6D74dhUMhhNguL8GXz59vBZsBqBFRF,36521564,3.7e-05
9fGHoyNM5xqLctzir6t94x8GZm322bNmP5PuN15qtAcLRUs9fqd,36311211,3.6e-05
9i3sWwUCb6zJeg6oMMWyXH1ncgfUcaa1aUTdN54MRZmYu54gERp,36090250,3.6e-05
9fZtWpSJcexS9QwhRHniR9pKRTU7vUVgJfuNc2UNDNyn81Hu7Mt,36079446,3.6e-05
9fRzAHELJwXiVFhjQVEtScug3KJpK4SAQ2ZQC6p7EcPavJGPz1v,36023358,3.6e-05
9gzEeNHEKcL7SZJKf14uaXF7VN5wcuskdBEvBD8c16ZTpMZ8GWh,35000266,3.5e-05
9hWJjh3LDZGSaaFsqUdybmtxnL95ofkkoXDki5tyVB536PL8Tvv,35000000,3.5e-05
9i8F3E7mHhFJ7rtHCbg9RPkobu66tY1rsM7x7FbvEu6MHZRZ2tj,34601038,3.5e-05
9gFPiWmELfHo3733rDtiKzr6NFHvpK9vZfQZAuKRpdaDixszsSf,34049028,3.4e-05
9etDbVVWiZqQyPdKy8zn1XnLK4xH3h7ojxj9joPXRA7PHxfSejf,33903204,3.4e-05
9emVfa7KkBHz2pHW5eV7acFezFajovnb2X8RhmZpp9BnbExzV8A,33729814,3.4e-05
9gT3wRD2zUzMmt3154GarvnWNf2kwhvNj3Zsy1fnidGWbTbXyq4,33009991,3.3e-05
9hmw7rTDNcDrzMHbz7ZSbXm5vMRJcXBfg76JVhy4xpmwVzGGsUS,33001000,3.3e-05
9fBez2DonHnr5NB5bFYEuCVEMMcf4mLY6R2wYv81aWY97mLjc3D,33001000,3.3e-05
9fsbWUmq2RzscWwP4YtvngBnpe497NnXGxgx6zfhT8vbBGzGU2r,33001000,3.3e-05
9gzmp3VmhYgoXiJCw8jWcEYiXVEWu6pYBZV246ZerKyc3A7C49z,33001000,3.3e-05
9iDK15iM1sTNf9kDGpuGst673CAPyq7HUHA9FXFy2N78GN8hXKf,32999999,3.3e-05
9hxab7vo3tFBW8Pxr3eNCAqTu4QC8e77RNjt1d6CuMgWtGtaJMG,32683255,3.3e-05
9giB67q6fvjrT5WUyMjxXDWw3V4NeC14pKzpLWxAPr3SrJp338c,32597097,3.3e-05
9hHvw9DoLqUKtzk8447nUWcs4a19x6ZXib3zarxWBmd5UcK2dRo,32583093,3.3e-05
9gcFF2Fp3Uk7sf1zx86oxSExSUQsdhdzJekZ31nYUbP2vcKPyJw,31973996,3.2e-05
9iDmbu7sHYX81km16VXxfrVbb2p36XrZgFCjmyCn3B3rfT4QzPT,31679587,3.2e-05
9fNG87mxbuUKvM7DzFTeKycY57uaZcws3FU5stibsUwMvByh16T,31566290,3.2e-05
9fatngU8g4eniXGzCQpDWexatQ5taU8BKqbCLqJNYfF3EgXPbZL,31016348,3.1e-05
9g5Q8adL831ifFwrYEHZU7aML3yLVRWGCUHzuKUjCuLHE6s74Ho,31002489,3.1e-05
9hxfYycLNqcYF3qyiiEGArKWFqbG8ncd6nprkJ6aTSh2NZWtQih,30841702,3.1e-05
9g1Lj4dtfA2ryrhPbbmb5Ecmxq8XHyu32N35MVn7GLm412H5v5p,30520813,3.1e-05
9hoXa3f3jLYkabQ2kw9n3oYVYvmNWLAsqKUcKp7EWBVH5NNtt65,30254450,3e-05
9gtKNAa22h6pLRxjKC7Q13SGzByreBYCFJQ5vsvEzqqutXixcuH,30164458,3e-05
9ek3xFDv1chXcQLCxvDS9U94EkzzdFf5rMiV5979FF2JBA4gwz3,30049716,3e-05
9hKYKY4jCoor68419nygH89S24ytLfFrMWq3kMiHxCtui7eLMCE,30031631,3e-05
9hfBaGNrut9zPTtxBVjFr9Ff6KncVxprntHsReZMmwGBe7wyJBC,30001811,3e-05
9gAx42BrmKbs9xctuo3LooXWHLpoyvT45U3JEE65wDhsuwqBWci,30000777,3e-05
9iK3YFQVdVvrbwPawmQxmCNenjHCBfnZ29NzU1HouaoDPsB4ch3,30000523,3e-05
9exmsF1Laj5XWogfKza9xiZFtm34E5Xo2kfpYBv69oJfcC6KVfo,30000000,3e-05
9etAjHb9F4GA2GfWeKFhHaMmaxTYNtFBWxYRUfVkEXqDB5tdrvY,29999999,3e-05
9ekHWHBV16XpathGgH1hkQMbvmcCra36wHboces365EttuHLzv2,29850331,3e-05
9hMT2iqNsUZVegY8UokYEacRNtxCmtcsgLXS8qURyyWnwAJkfvq,29568802,3e-05
9gfhFgy2wqmFeQXijyjYuiFbFQWJZ2KqcqL7TfcG7RnE6RsAYzk,29515633,3e-05
9fRyQfr7c889pFF5A4waw3jH5zmqQT3qdrF7zeHuAttuNUQbLTE,27248729,2.7e-05
9i1Y8vRNTzMDAvLEa1WeAazP5enuVVHG3JcdYemJjanKvZEVNkR,26867369,2.7e-05
9gxdWyDU4GBebxWozANqWBwXkdJPu6aQebjuLLyP3Lhc3D86gqi,25827904,2.6e-05
9fTnLSaEoBLfcm3gMvh6MFtgp1QocdHqaVFFD31XSGhWe2C7Qkh,25645430,2.6e-05
9env9ipifxgooLULsM33DU6hZhxtxckdFsGZKCuBaBNJhtAX2kL,25243064,2.5e-05
9g1mnQP5NnwEFBKzfPJJR6VxeQ7KXGhumSiMVszT96cPKpYXt8J,25063613,2.5e-05
9gPAZs9qrtAYM7ShiaRTih3EaTuMvEpzdbFEWac3mapAFJPRq88,25000000,2.5e-05
9gnaZtQ3rrgCGuxdQG1MVu8nSvSzr83FumwuBnYMq6Gkoe88p4R,24880065,2.5e-05
9fhW4iB7QmYp7qx7EETNVAu8Tizvmmhfz916mHcEfr1cJMSdssE,24649104,2.5e-05
9f3ytGv6vc9GNtpcbP1ckRnjRUhbd3UebhXRKU1Gvq9eHbEAL3k,24486078,2.4e-05
9hQEvgFy5PpYrw8iujNjvmca9xfJVmN43T9vH8Pfv9b4PnDxvS2,23903791,2.4e-05
9hvs4MxT1CRqAsMrFEPXJTP9FTnUn7G5JYwuoRc1QGzg6XE3gAd,23544981,2.4e-05
9i49694zvRFPuM9dPG9azvwcio5XTd3GxHcxJ8KChVuQgDASkUk,23000000,2.3e-05
9fizkoJuLea9b9mazoi3fqHobEz6x2vY1qSHQwAxgbew3f4JVLa,22648199,2.3e-05
9i7xJ88eeLCg6JVyfgFk6MV77wFNyGMCjp7RVcKTeVdf1WV2NEg,22646429,2.3e-05
3FdyuY8fqeTtYcsuvTsmsw4ZBGde2cad6hyntGxzSY3rd4JtTwTvK64xp3XJZvYNTijrTMZMQxkFiULuHpq46VFbAiSSHXLe1qy5WXNRELj4tcx6wEPbSDqzDyVbY6wKFQhmvYQT2XjqLJAiBGV9F6f2uXrjXFPzPnXpVeJnWc8ob1wMqbfgBQKdfu24qx3pejkAfAz2hmQQ57xgzGwHCcGyJdad7UxwmDetAUER8iwE32rygGCmqXaVeKGcJ33epYNGpDLPnYUg3Qz7eYuHHb7mAqwkEp6XGE1jWbf8nS7TA1taNpakssbWYN2YmB9NBG8nWNzLhc9QBdqyAn9WQ63Jh1znt2up6sQJR7xnon9ZsYoeo7bErzg4uoJbTLzwjhZBJ9En9bMX72xUb5zhvSSua6CseMMA6s86g2mwrieRwqFM7CGDypy78MzWS1nagUBKLet8LAFFpb6DKBK1h2HpAvLnMbWB7Kp3rJ4be6ed5crNdZTqhbSww96P2KNSZemhwfgAkUFjMJzB2dEG9VNAW1dMk5nBrS8JsRHhYpPqFcJiFtQvcar1ijs2PqsR9k4P41Y99iomfYXkSoA6z612v1U1C19ASVurzuxGP1vNwNyKLceFVTYXbgkgUFX8Z2nwMz6d2TCa4XTpt9daV5sBV88YJgCiYbL5QhxnoTdYRZbxu725jnV7gbnX9FWjLNaXYJubi5u8kPs3MYzSALeUvtfx6wJV1XyBn5DMbvy8XgFFMKyxtUrfU3dAVaZmUZJnYy8Dz6qrf8tyKx3uU7RfosjV7rcAFRDpozznWRfsxZUir5EzcVFQc9NbjB4HdgJxxvUJ9Nr9F8XCQLL89wCTtaNZBFF284qLtrQ,22033379,2.2e-05
9hZcjrG77DK1fskpa62ubciZd73vRG3fvz74Y5ouwswCWQWHdvq,21550548,2.2e-05
9f8EvHSK5HKYVE1g87xkWn1pZs9pykcYSnxjy3fQmTx1mqje96m,21425318,2.1e-05
9g64YvgKVpWfiC1qXmRLsC6Pair6PZSuAgjPu7pVqEzn4V7QUCi,20697178,2.1e-05
9gLJadRydGQqVe94mHpqdh8a9bHCTHx6RuPjvMa7mn3XasmE6aV,20394718,2e-05
9hwPFZEjghhbgDs3nRv3NLXDhLrQF6U4VbYAxU9GFaRykLdZDVi,20321966,2e-05
9fZf3HYSd3XjQH63FNUWBdnmsBJ3pdUogcWDSppLd7S9ioK9beB,20219160,2e-05
9eYoypK6uhj6uP6bYoepFbEAMrX1iZQH8jyxyXAS42WK5BjK47r,20176496,2e-05
9i6FfwfiB98VmweTsArFCk2R7h8WhnpJrPXgxEPTURZ2UQ4VEWD,20126611,2e-05
9h6bjuzth7XDNeBxwFjpYSfmUkfBiepE8MGJcvmsVkeCtGYYYAb,20013458,2e-05
9hR4PPbJzsY4MR46avJ1Vxi8TyzMtGqacVCoEZqGnfxXwQPfYMH,20008773,2e-05
9hJyGj9Rze2bv2N1FAF749rL5yMFADBQDw9PYWtz7Xaq8ewKXAd,19329055,1.9e-05
9fCpHmmjs56raF5JAQdFjGubrchJgYMtq5XMmoKs53QqVLfBdgv,18360802,1.8e-05
9ehJZvPDgvCNNd2zTQHxnSpcCAtb1kHbEN1VAgeoRD5DPVApYkk,17593667,1.8e-05
9haeVJDEw3qhfTEfye8gVnonBiZ75NvsQD5PTTFpaG3gxCMcaje,17322874,1.7e-05
9fisXYuVBG17EuWnPFhZtL8Us2RjcJMFegPV8RV9GieZUcS91H1,17213277,1.7e-05
9fdNRR8ZmsNtxqDLorJb4jUiMKo7BaZ8pCSiTjLP9epUJ1cVFwL,17007915,1.7e-05
9fXF8Fe8DkRB5ewxBPQ6GY79B9CowfzbmX13JjEqWs2raR51yhC,16992166,1.7e-05
9exkqG2KBpdeHKby84pSehSZt9sKQitAqjuguHXdd25eEJWFksx,16429219,1.6e-05
9ha2UZWMW88Ju2FNFZoV6MuwP1t4qWq74jrxnG3DEELk4f1M6aF,16414709,1.6e-05
9emAmiScw4Wi3LFndnToex2xwtP7axDUeeZTQLJVJk1WRLepdiA,16402413,1.6e-05
9hSweB9FMJDK4V3qTrFJ278xSejJpLfGozvDLFvnC9E6dAQHYfs,16296971,1.6e-05
9ewpQCgiq8U9urXm8n8NyxChNPENt36B5KV6Y8it92ZuHf3AJWy,16113297,1.6e-05
9f8tiVWJko8BQeYQUYRHtMbBhmFNJsmvYZWBKZDeSwDEsXfw8U2,15814766,1.6e-05
9eh6ah6PmGxubU44ihNkcHmVSauUpAH9eXnjgDTRWj9ZzeAj7qU,15543672,1.6e-05
9gdaFdarcsd5LqE5zSZnHqjVQGXduNzfFAw7fjqL3eDW5WvFZQt,15397557,1.5e-05
9gaziPhTLpcMC39GK3hj9krE3Tcns5yHPijxYLW3MM2t2hJNyXA,15070606,1.5e-05
9hYTBjsZW9iywmS1txj6i3GdqRBP8sbbpzjqt3FNUCjuWQA6dXR,13601731,1.4e-05
9g1XZYABkRW2EzBhm8ihEoQqoD1q2gzsYNBCv3Y53VNajng5KMs,13309990,1.3e-05
9fEjymcYkEdvzZzqdz2AZZDzntoWjXNJmHbZdXrAx47gre9yTsE,13047469,1.3e-05
9gk4rkdEdHh5pSnN8W7tR4NAX9EQMHEVmLHWrBydP8QqNV1fVVk,13039165,1.3e-05
9eu9cAgMLHWWqQPtYy8mscHbQp5fn1GhUUXsjN6XRRBX7dphg3r,12824099,1.3e-05
9hQEs1T7gXASGLa3kHu6e7doChX6eWH9thdCMrvKXAGjpoRxnXf,12639041,1.3e-05
9fnAthvsnZNQFPdy9TcgSSc2cngdrNTfx5skeDwdu2W6vKf4G4H,12498705,1.2e-05
9h8nGETvMYsweF4Tn97GcJwpq1p4vU1GY2D4EtnUMcT6TchRBSR,12408457,1.2e-05
9eZ24iqjKywjzAti9RnWWTR3CiNnLJDAcd2MenKodcAfzc8AFTu,12278019,1.2e-05
9gJUKsF92TiU54YCemqhQyP6aw2EuBQVzdhfYb3WSusFLBnqEdb,12118973,1.2e-05
9exFW1Baza4G5idWQgvrmE7vZPLyyT5dZNqxg5MGQRg635pHzfx,12000000,1.2e-05
9hEJfN2RAmkv3E3Ap3bCtX3nF7KfbuXsvrDKKUvb3pJZnqqLzH9,11750000,1.2e-05
9hoMvLydpNkUBT7x31rC5fViFHwSuUgkuJfKETWyUYMN9iANk6N,11733404,1.2e-05
9gnbZJJ6AcTCeHQPibJUXVZTNycpHcEJmGMF2DzVDPpSSyRcpLP,11700000,1.2e-05
9ecJZU3EFgRZfBt19pTc7a46ArrL5UBNxL6dHFYaRcAMvC7VgeC,11652940,1.2e-05
9gRPDUGZJnc7azxcQJKTofFw8sSzbykRo4Vha1o2LLdbbuFtNBy,11553800,1.2e-05
9gBawA2DEnrHCzWVAoMNknZWHJg6L8xcDpevfEwCRd6eHRpE6bY,11426194,1.1e-05
9fZ8wo2rZxHnyywTaksfvAnpKwDXiHZvmzHXL1YcnEhpNFwkQym,11398667,1.1e-05
9fNJdGEeXiunSW4tFXG2jKhHrH26Z5RHMCsJw59ko1VqwqFioSH,11328590,1.1e-05
9g8zWFu2VBcE49gr3otmFLDbfyDoopandeRvtwqB7qk6BJjRENy,11230581,1.1e-05
9gbKhsT4hj3pNEhEV9e6F1GTSpNZoxsc5gMF2cBxUbMTxFBgQJ5,11200000,1.1e-05
9gtSd97VCNTiQLHriJfh9dgfU4LZ1QxwEHLWCKYQWvZHbRfc2tq,11111111,1.1e-05
9ex6ojCnipM6HmT4xcgBrrJB9aeMkXgub7i3xjLCoZ4SVNytLe8,11101726,1.1e-05
9h9MgsTFVtce9jV3UKTXxy9Zr7q8XNqZDZFsR3HF1jZu8GLDugx,11058195,1.1e-05
9i5MMBnoH8DSkBGGVYgh4bzWzjk8CDvJDd2VggRF1Wpyv944vRm,10772603,1.1e-05
9geJbSQwgp4npxbrkmzaiqyt2uA2sCFpM4xZPXX1EsC7H9pZiyf,10588780,1.1e-05
9gxvDwrgp35pgt9KEihewUsY4R5JFDTfCDAmTxM5r7q1nkuir5q,10576351,1.1e-05
9iKZ1BGndsddscBjP3qqVrmuZv5TCZMKQPKNYcVNxGt9JihgN1o,10561437,1.1e-05
9gXJTjoAzcAbB2189ZAUh6k6k1N5S5EbK3k6dK7WwghDuokVxRg,10533167,1.1e-05
9fz1eterqwKFJbk9jZNGuGVNHigsh3t6puKeabBWPKqhCFdn4Jk,10500000,1e-05
9esVrheg2bZqZTEDeppNw7e4axErTXpFsMxHoNmpFfnHFTeyztA,10465253,1e-05
9enwSgGkRpS79gh42WBNBqLCB2BmXiPEzzR6drEibccDvkcf24c,10441711,1e-05
2JhU6VoVfmAxjDRnfJxXp77vERh1cgiu7wXocpjLqVANTFH2F2WWiBDfh6eV1NFAxCXWYhvKjMgHZLKMGxadKhWbRJR2hYCaUwP1LfcWV6kqEJokSxf7Kk3TyG8Zgx43kRP7n2eXSmPQYbSghY3zKaFmmi618EJYxgdwMuse9PH16ukYfWz7KXqbjczJLUTMNa867nJ2KmhrMUYgLHBTBKh6taK2grAVN1XLGgRQsKGqDeksAHbocytvcyZYqmqApftSHZFuBt6AxjUZkpN5PvkZJT9VQjQiN1jSWXB4sijF1B79AFDJmvX2yMt1wav9Zd4C2HSuKDwKEeNgQVfixRh9eH3pftpsaG9aoCvrJz6gD4JPkbUFLiuHkRV8WUKvD99KkbbwU8aJszSWcRRR4jbnwKjuZ2wSL1QMUyBmwEi6rrb1i7bN5FCUtvSyU9AYdZhMELWEgF9P5UDSuMDWWbHfJnviyg7C2aUA6YWoGt7W2xPNPbHRCmBWkGUw18fyqRmMLpYiNnLdfBoZwn2ECxEcyj1JBNH7U88MiDnYwZp5EzTSTSTLvfAT2YRhd4qa3tvSLCgkwLAXa4FEui8gUfEQ2jrGBMjSe8L9qMusncpAywZhB5Q6VepENxstYAPyDEZqhCotuzCC3anJcq5LZzRsbEC8zKLxvV7uMqg5bUJdSdo472CG98DiRwAYgG6Qiia3JwVFX9bHu5y4XdDpEbvr73n7UEi3FMaPG9PPm4xedNryfSdR8dSdBm7Km2aBGcH4nLoTGnHXRkeGCFbfA3dcAGwLQGhq7N4JhaQ6LgRS32Q1Fo34xE73aunrHy5hhAWq9ykpz6Ao1ks8sgorVW23R7V87d6oy7rfhKo27FK6YYxvwS9reB2qKwPDRg3JPWGDemS1oTmxU95mg4HTQ4HjzBbTEJreUofLxUdgkkZGknFA1HGSJZHJ1BFui86C7CrUq1UbNQmq66n8aezkC332CPB9ddz7rLgFF7tomCKRWYibwKquVJ875a7svvsw3465hADbaQ6pX5adj1oUHWQZeKdfBHhipHYqZw17JUUBb1E9cNjZVWiaSB8vN89R6oWaebQhL24b9dUpmQrV7ANaJ9AFFZE4ocsQrVHiak1Y4tiHNuG5cT7kYfT2mNSB3p5wqFNu2DVmX4V8yQaxCBKKkhjFPjmmeErjtQCbXbBuV8CPt8b3Ak9jyaqL9WF6MUKTcFrDWnAgwdNtfXT7ibnKBWxrpvGTqr7oUZFsnVqdaCgUuYeGwyFM66yrYRr9SmU3bjUhhwazZQpAzzFQc4yos6e3PfYBCZd7aTjduNDUkLqV9GEM43cZtKpU25c4AWikiQqzeBAGPSYpPxtxtzKoN8izE8PekBMq5ejv7qoVzfMqJ9SWwN1MgVJj7wjyuJ98x1QQ8VX9scodhfU1Ff3MgZk7may2kefyER1qqTzwFZYTbYhDzRJdb98QEJz6b4aZiBpurueSpjXGo4qMzkfC9467DGRmwQCbBLN97nfJ2d8zgeihr6zLyDvLK7rNBGc6PVp9SEsv3cvxQrvVShYkAqxUxTFkbdfvzsrdGHanUaQ5zZX24GRxM2wb2GWUuZxkBcpVj6a5gKJrQtjyK7d3WADNoEcbcAYphgJf,10403000,1e-05
9edQS3gfsJPu14HigPRCDhf8HQfkczur4mgi7NChWME5mcuvcg7,10400173,1e-05
9ey1SDuNvgRJHxw9W6EEVVTfXASv8Z3qSKiqfm2FEhKV42XwgqT,10351504,1e-05
9hGmNSntpBwdMhVjKq24PnoYJVV3GRb9d3435a4Lrtoh5mSRxsq,10350900,1e-05
9f53jcVha4DMjiX71p9KAs9yanyivi1vN7fsKJygF98c6E5kEL5,10314204,1e-05
9hh3RkHGhdMSHjZdWsY7EESLryRbRZ8rMzKwESap34DSLRa4wSP,10313938,1e-05
9iPqbJvDYx1aGAbynmqQBc5KX6mLGNTac7Z9S33byQNAmp9js5G,10296134,1e-05
9hcND34syFqvpCAyxw3KsWwktSL16Gpy9xwgFWCyHR38YjzM2av,10270000,1e-05
9iEhyhHc6Dv7uVVNEy6UfnMqHiU1F2kxupjKLfyqNRbGQoYDm7d,10225740,1e-05
9gLTWhvMowELEF2XYtgB11UBxxiSq19D2jHM7VD5b8MRGS7A4Kx,10213774,1e-05
9gGpwjQoCeHWxCZfoHhoR6HdVod9XpXbSWV6qx5jnDug1Kmnhou,10200000,1e-05
9iCymY3ZAMjtxoFcVnY71cjKkwahAYb1SMwruNCkgApJTmUr5Qo,10160920,1e-05
9eZPTmn8zp5GJ7KZwTo8cEuxNdezWaY3hBbLeWid7EAZedzb9tD,10022034,1e-05
9fLUJtkTTDEksQoAZhuX9MqT7W59FBJThTR5womcKghSG8EyvUq,10020530,1e-05
9figc1Brh9V96DFeP1CnmAcLMPAwV4mgjdGgNaeRFmyGCHzfv3P,10000969,1e-05
9iAv8m37UboFod1mSc3seJrtD8x3VmuMRD8Q87Bx9XaRGqyCovQ,10000499,1e-05
9gMV2cP8mXt78DpGiTxVSq11C5GKGekAYS9qiu4PNzoZqJQNZfr,10000497,1e-05
9iFBvNfYHJUZHkSz5NfohYhkpxuVztuZqB4p7hxcTfjjjUx7jzx,10000287,1e-05
9h24kQeRrfGc5FjBYeMxn3YWCCJsVkzZXZWkp8kBbzVQsEiapDi,9999999,1e-05
9fRPNMuVPLhgGJmfYcs1nsVuuek7X3cQpoLkZzX568cTT6vAQCo,9999590,1e-05
9hJrPExd1LmTNcdkkGmHGZFHLYYA22qhn5m1G7WxfNji6A1Wp6j,9997705,1e-05
9i8k8srNd6Co98izwDkqdr7gR5NDzsKc5YnnJyrnJo89NMD7n9C,9955084,1e-05
9ebBJM4X4swUvvZ9kdUiywj4jXA94ef8XXkaNAeoU9qhtvuVJT3,9890836,1e-05
9hopLzGYQZNUHxqbvLzbT2Fxdarkmdh97XV7k5AcSgUy1U21EE3,9848114,1e-05
9fwNZ8dFZ78XvTSf9Nos9cox7zH2Xn9zZ713RfuXdJsq7hU4ekE,9388363,9e-06
9ejNy2qoifmzfCiDtEiyugthuXMriNNPhNKzzwjPtHnrK3esvbD,9322074,9e-06
9h7yFwJq52iz9NjRhiNn93x43CeuYf79UL3UgFLG5crNv8ZvDdv,9245710,9e-06
9hyPaQQkVDPVXXHmgv9yzNK2EG4F3zGPMrkj5EMKp3uHpxtxKaL,9009138,9e-06
9iQ8oyBiJKzQqUjnHBTCxgUi6zP4FX9vsWJBqfHZGqXtmQfvuG4,8905585,9e-06
9gbTKk5MoG4F4fyTa5DJsLDP5dvd21YChyUibRaPnYaWR64wxsH,8761899,9e-06
9eqH28AqqdbWKCUMsa6BSkpUR1iCVGMxsEo59BGp6hSYwLE9d5i,8526494,9e-06
9fzxp3YUJEXfY7pabnno1GFi5YVyNYktQN56etvcbhTzSinuT8X,8473490,8e-06
9iDGBPizhP9qWLTACQCa7hPPZGM2f2jt3FVZJk7Cq8C8J7fwJrz,8420997,8e-06
9hzixiFCR3GnxEheukSaTK5Q5QZaCUuuJTFGtG7V2wZMqYEjj4V,8379760,8e-06
9h55JEL3v37JxgCYETa2NNbDyni696de2B1SzzWcTx2AsejoWnS,8355066,8e-06
9iNbzRyw19XviEiZ5Zgg1m3Tfain2Weq6pehc6F4sRyRswnUbc3,8325085,8e-06
9i2QBUGuPUp775GGWr1CDZ7qEdvQ8AU8z98QjeygMx27GvLEoKp,8321717,8e-06
9h943hAizCT4jvjbqw6xVexVx2jS5u9w9UpskJKxLcCqMKpaA1b,8292130,8e-06
9hThxHBS9iofrsXqvF8xkByRhkBiPLW3vazb5yBEextwcQHEZro,8251169,8e-06
9hcyXzwyrnB3mpFrDuPEfBzW1QmNEnT1sHDo4bGcMZL9wwsdAp7,8228353,8e-06
9iPRhadM1jKvxkk5uJDhw4odkrpnxo8RKXARrCH67AYZFxtKTHx,8196642,8e-06
9ftn4EADFk7i9Gwg9z1BPk9TC34S1dStGMLiA2Wmmnr2F5JGEjV,8076248,8e-06
9goN7oZASvFBM8TaZ6cDr77172tNFGexazLMeRVq7rEfaXg1pE7,8058209,8e-06
9eeAH9vPGRP78zZvKfPKXoVscYzEZbBXPdWHBFnfCdSch4AKEmn,8053025,8e-06
9ehiuNirnYVdPjT57h9WTLKNPqDHyoW7vv5U6WDFfAorod3MEjB,8042641,8e-06
9h7HPV5viJhPRVUUs1NZ34cEmTPuEiT9dC9revtCEUmAy7nVrLi,7931141,8e-06
9eoecukM2zVSYYKU4vSvKf2SXrpZAa8Q7fUaXebyrXQvGqRk5bh,7785755,8e-06
9enAuNs3QNRTvE9KtrVMuQBK3Jy6fEz9JJ2xfU67SUyBvkqvLB8,7774608,8e-06
9fbuMg7DMxxDVJavLqa98JJs93ws587eAP9FixwK56E445E5py3,7772217,8e-06
9i9c4nMXD6pWmhBVdCpLVKaxptLEgKaddDQWPwitPxtg5TXeFYV,7453987,7e-06
9gKV4KoQZSiaMQwTPYcGGvxHM7SdmG8ekYVRkYC7PLn79LsKbvX,7406878,7e-06
9fAQW4bwZ9hqJdS9G4oCNQBQfAAwMd1iDy1NwbfQ17EU14W81f3,7387731,7e-06
9gH9VGt6Q76xtFct4hcNGyjeT21kjDiACQYBqyMVooRxFVyC7YM,7384793,7e-06
9ee6PzxeKF35SUVB3ujvzVZHkfpjS7MAFeSYGbFDeaMpoKRkZ9k,7351783,7e-06
9hwvzZTWZe25DFNJw1FwDWuDPaAunfk3pgEDMC8vvcvg2F7x6Fj,7287381,7e-06
9g4vMyvodSZruKn5UbkmuEpVe4UTyqwZr7XhrWv848SHftLiesp,7271000,7e-06
9ghh5u6ykT2aNbtUZeDVs5e6A9YVH8HanSChh4FsU75tVjTdxMp,7261748,7e-06
9hZtzWy7dvVxKpZ3twbeb1mDN2NQjisHyKwmDakDEmUDhfuQYtD,7252785,7e-06
9gEwsJePmqhCXwdtCWVhvoRUgNsnpgWkFQ2kFhLwYhRwW7tMc62,7234739,7e-06
9ftrYM87FPwM1mtoMYpNo8whXD22fR5rfvwsgxELeCfaN7QRgb1,7164914,7e-06
9gmPo27Kjhr98skBoxDRFnyimUbZCXEMdeDPt9YkeJmRbTDDXPM,7073250,7e-06
9g2AriJ7Q2JjbbDr8rHarYXHihkkyGjAq7ni8bqKDKNJoo6oevV,7000132,7e-06
9gqxCWsGVvmamSTsvKHs1vRG7BguErTrX7DzX2J2DLH8VawCxYy,6986539,7e-06
9i9tAzW7jK5KmXqhzAW862gSwNdogZALqU6tppnZ7cqXKpesgSY,6885737,7e-06
9hYVr62dpsbGQUkjhgEPLiwNWbFRh4WYqhjADzdVw7rbtfPWTts,6865340,7e-06
9hFFTpyenCxoqr6nVri1o5Pc4iT4xcPp44Ej6MvQcuV1tVyNPEB,6657149,7e-06
9ehHu2drfUS9GCot39BkkJgedKEUyHFS7EZ7jxCyr3Cn22CYoSR,6645368,7e-06
AfH6a9vogFX8tbdWeNTuzykShmKr9ysqZbWwAN7CBnG3mkMx1Mw4JRQS6yS8ZGZmf7cXd,6495782,6e-06
9fikdzw8MR73T2J1Qb7GbP35TWpfqmMTAdw6i1Yj666B8SdP7ph,6482142,6e-06
9gGugQdo7buVPRDzvdnKt5BUU36FvjFgutyiu9xYLf4udv3CyVx,6391295,6e-06
9giQE8NPA4hYPmVT5FAmsBzxGyWUTNKUk17GYWYjP1XvihGwtEJ,6273655,6e-06
9gX9DT3uqNGDpogwjewom96f1oGzpXfhB3hbyMrNoYwcENZHQJK,6238242,6e-06
9gpmt4jTWmmVCY1YFXkrkhgq4B7HqvxnN5ToYxmiBcPnAoHSZNS,6223582,6e-06
9gWF2V4Qp8zCEx7TgjQ7bAVXu9EM1S78RDaEeYxr2V3Tn6mmWSg,6214023,6e-06
9hCBpqDmKLXbbVMKs8BnzbKnJ9ZuQYQyUZx2f29TMN44mKrTSBj,6206597,6e-06
9fxJQBFtpuTvjhRK1rfpox5JCUW5AHXQc7PqUT1NFb9BM4oGBPm,6196818,6e-06
9f9WpakVJQdDdnD74XCn15ciSuVKzqP6jctvsXLhZtu2G1aENyj,6153868,6e-06
9hfYthpLAK1dwo4JqjGNnMC3izomqqupi4ZsBGcEoqb791ZFFzr,6123712,6e-06
9fMGXXYXeCwz6iZceH571gYjM4aiKGx4gEMM36wma9ac3BXYpMc,6122093,6e-06
9f8Ly1YZUbJ3o685vfdMCzNUKGaBqJyLbV3iUfAiHwnTHNDM8nj,6101960,6e-06
9ezANzoo7KrwqD2X4qUWfRaGLsZm4wUT8KiZn49A5oT8LmDiuRJ,6041759,6e-06
9hCQo6Y5agfPeWgiyJ8ca1cPbqeT6Ay6AKHw8fnNM1NZjqifqfQ,6009801,6e-06
9g7wnNUa6tb69Rr3g6SHv8UxLHUjD2Sh4zwGEEdHWepv1EQftso,6000020,6e-06
9gcQ84QLKM1XT2krLt7pdABVAAnMcrEXxHzYJBKSyQMdngi6nJw,5834073,6e-06
9fmf76sJvv6LhcoAvxJEsmHswmkKvx4qcWQuf7gW8UBPv5EzraS,5594938,6e-06
9ekZSso12sXDRtiyqVTurYiPaTWSwFTRMRUhrMH43NyNJfnhAUn,5551144,6e-06
9h6E8YevTvhEEn18jDtBrU4pcjUfk4Bw16NuV4uvX1H8UNwgNcQ,5404235,5e-06
9fEx29aZ4WYJX9FTnGR26cdPyrgB36tYbJ9Te16uSiDPrHijKkS,5376825,5e-06
9fQewJ4HCvCGdqBEEUifbeMpQkkNajKLCM17jvPetBeSemyoTh3,5350590,5e-06
9hc2RCENn1t34dpQPEBaeWvkjpgriFztX5r3aB5ex946tmNDUUC,5249695,5e-06
9engjHDC8Tdvda5oY4GC4VbpH76KvKTURs4bPJoz6TmjoZhpCrk,5220117,5e-06
9fzbm6oSgLVFWgNXWVht39vWtzpDRYH3PNdxjVF9C7iiKCx98zq,5216974,5e-06
9g1Pjz6Nk5bDhT7wA8mXSQYn9ZKFj6CKquJyKn6j2BuoaWTiSbP,5212016,5e-06
9fdvLUbwfCVDfzqBndx2XB5RXDDbh2LG3GUdX2c3JsX85bGfQGZ,5197728,5e-06
9i1rviEotZZs9FsEcQcJDknd5vWUi75TCHU3m4AUz9RAzSkSBEN,5195812,5e-06
9epVUFC4HwJuTp6w6K3c2yQk9fJF4wH3Z5KtMPQ4BzeNhrf3Fw8,5184720,5e-06
9gSsDJixycevrHL7xxD7dr9R9G3Mi4W7LVohvK1GAjycsJc7zSy,5132198,5e-06
9fBCfJrcnTPnDbDDcfZTxDh8kw4a61tSg2dvVKA3745prCnDMj8,5115308,5e-06
9iK7gGVQS8WrQQfbQgNYWX22NufNmZ5sRyLMbACJdhqwsW73azE,5114085,5e-06
9foFbUzWbX7oZn1fqPDegbpQDBQx1wbiUKqHnYm8sjzG4o3VzTL,5100258,5e-06
9gbCnJqJaiGB5H2EB6ZcCC7C33F5TZ4NxVAU6WCspsHwXwNrqWd,5084461,5e-06
9hHnHAcoUu7Tf5umBq2WY9EKxpPBkctxkN6PGwUbk8fuqYxTNpd,5054495,5e-06
9fjQi1JrgFZ9QBKGbE7EYDwUwAvGUk95Wa92kV2D4EnggNcnMzN,5027303,5e-06
9gt4D4uGbGEjC1Kv86WPi6GF2wKZvzVbzz7CReDXHXD88utDCRD,5009306,5e-06
9fvDaBsLKmzP67Cp2i2bmhM1359HhJCrej8y5EGoUcmXDrBqxbW,5002000,5e-06
9g8DLWkiEX73qiVzGNKk8Sv1YbbeYQkesdJCT9zTh7388fuqcDj,5000722,5e-06
9ecYruCp7N1GSwXkESXg6fYxvcG2sAJ5SYJ3oeQ5ySDnrd34vSt,5000000,5e-06
9hCzafozGxLfNzzkSBBS5NsmKywJg4qdfbN42Ziq19qgsfkLwAj,5000000,5e-06
9hUzb5RvSgDqJdtyCN9Ke496Yy63mpcUJKbRq4swzQ5EQKgygKT,5000000,5e-06
9gPsGARgko5vVedmti1WssfhnsMmNKn6YpdyS56zrneZyfEXTuK,5000000,5e-06
9fgC8VTEHc7WYczc2CBn5f2iXnEY1LwAbQ7K7DWxdPith9fQd8e,5000000,5e-06
9iAqcgodb4cxDVAa9k3dkzSMAgKfXrwPWrmsQDVcpDJJVxDo8UD,5000000,5e-06
9fSBXH9DG92rnvYXDgjXkwFzQusQZjus5DMVE63Hfs3y3gUQS6h,5000000,5e-06
9iA8cp4NReXX71DJp8AmjPAPY5w3JQspPtDSTFo4MdJRAepZEjt,5000000,5e-06
9eoVo563kM5oQ3amQ2to9EXAFx4sU1PwNZr2Je2U6uGd7geYqGR,5000000,5e-06
9ggrhWJVjTHHUrK8qJThWi1yBscmETnT3nxTwVDfQQPCASaZmxt,5000000,5e-06
9gTKD1XcHHwtYXBtZHRw2wekeA2PzbHqnPnUJ4SvTKRbdjBKRSG,4999999,5e-06
9ebbTJhfWWafDYyFNFwkPWoTh5PAMNX5HaR71796cQ4QHPVqUUS,4992340,5e-06
9h4ctWSPW2YtajGDPrCvEC2kLUn3H9cVcCk8jRe8Lu8xdHCA3gk,4970116,5e-06
9feboEe7YUsaQWzPXWnvFwgzx5Z1G29oyd8Nas54Es8tpgzKvtc,4956409,5e-06
9hxUh4mgQzppPYLxKsypfRtspvGMw74UEe7eqsnKQAou3QH4s6m,4909103,5e-06
9hfxqaj9G3zzpSLSAZfg3ZYwRcsAH76svAkNF2qfJvCHdJHzFHF,4809120,5e-06
9gdmtUm1vvK2HWS4aCaadiWqmWURzYRaMhyuqKkbgxvaxKz8Ve2,4643708,5e-06
9iEEqMHrAZiDHQKxsQ2g6rc5uP5sW1vBtt6s5CsNYcj4d2EMfRU,4617386,5e-06
9etzWeLxYzZVWENya68p64kBtZJczNujwbRMePmbCzfszpZXRzW,4611454,5e-06
9i8UKD4PhZgAVCirBKBGQDk7E4J2cbSFudcxQGvNMRfzBNqPchU,4602596,5e-06
9eyJafUr7Hs2qg2ZrBujh9KMTSAuo7fYUFR3paC2bUsY4Q3jRVa,4592782,5e-06
9iJgaEQStj7sezTSZexo688c3qvhGGAtPGZme6iDqRuc7AJ4aA6,4591165,5e-06
9gRSAVcHSRcEUnLjLAUGLXXDU2bwPwQWisvmHpipUL2RCdhazDj,4390251,4e-06
9hdhMqNZV2gUMZ9siuZoYvDDXtrkihHEyM2JwtLrA2cJsxe9NwE,4360091,4e-06
9fyhN5Mki2tV4gFB8o7FXA1jPS7UQtRVfDA8696KEXcuH3GNixB,4320484,4e-06
9erJ5xCNYkfN3cEUVMFun8XU64pV5KNC8GrQgZmVNZApAptinb4,4216043,4e-06
9hFXuqRwkBiwCYsLRvAtDtK9Ec1B8kHkHd4bvrr9ZVmugE2Y1At,4200723,4e-06
9fSdyZRDYPrZWCKZzVUkDihnWgBpQQvp544RX9y22XLbTA7oouq,4163994,4e-06
9iBT3anv9erLmRuKtVmY9iBHmxagTSEshuid3WqwuWfyuU2WL9J,4093403,4e-06
9hjqFpzoM1azXSiTU8Bzyc3fJ4kFLdPqy5jvqiDe8XrMwBcnhD7,4083040,4e-06
9gGjxYvs7uzu6np4LPz3BUBDXmLEMwom2CEfC6hkzSRs1gbCACG,4053147,4e-06
9fSR7xbW3HDrNZboQAufXsehfhig2Q8WNmUsUf1J4G9YWn8too7,4016748,4e-06
9hWm4UVk8gHk99vWF8fYGBTwqu6X6MGgkA4iy14E1MUkapvDULt,4003319,4e-06
9fG1nnDbBFfH52eX9xLtXTmA9UfpTVHXUhZrHPJEhaYNeuNfkEV,4000252,4e-06
9edXtb9RCob96uaa5t5xGbBcYtQaLWfJeysfihFuwJfTzjt696G,3968030,4e-06
9gd6F8a6B72Qub2bDRpTkrTKQP2RYYeP6FfqXATQTwh8Ya5b234,3940408,4e-06
9g3FzqWVoEaZUd3fLLixYEHzy8CE4HDBbn96MtTvYJiwGhUPBLj,3901043,4e-06
9hcL99aABYND129WCFGVCQs7F1w4iWmbz4TFASMW8n7mXW92xun,3863173,4e-06
9hyUg58dMQH3xZjisWbYP77961t2RpqxbQaQtZ78VSug8YBHWLd,3813846,4e-06
9hjxpBxnhkwd2NSnKLbYC5mdnUK5Sj1BRCkJ1QXCQTERhd6M4Ps,3763659,4e-06
9ff3GvyDcswQnV6dfZnvJ8XJwyg1dqYngJKqoL1fVK74v8pD9Vi,3641425,4e-06
9hXub933JUi8ZkDMgMMXuG8Kus891Mr1huxMgM6rcwXQfU939Yr,3614522,4e-06
9goDCeEEXmuTeq5EwDHvhcerYhUYJPd8CUkjpPAEATysxhnaU3L,3580395,4e-06
9ekLJfxpqwcawBfqt599braWzxwAJFiKGKKZjBu2VpPzxB752RW,3500680,4e-06
9fGS5mw42MPszcjurgijPP3Abqc47Gm8rwUrqM7TQMBY3AFNRWB,3499999,3e-06
9fFJfHVgZqxkUwvpF1Wqp5y5xDpvf3hnCpTQae3NNgWGFrCdzzB,3477969,3e-06
9fUGQkoGZpNaVYdCvWZmzcK9hqpN8duYGyGjLwmCFTBxmiRsUqz,3439669,3e-06
9hGKj4e6JhUc2vU61RV56whNQDcPiYcVHYrhBvVvP189NcEyBXL,3398403,3e-06
9iMJyCZAcgS4Pk4cE8CXDirdvmjoM6Cwe6xe9LuhLxrRCXEA2Wf,3351502,3e-06
9eYgQ6Rc3U7nNZUpGw5bKkUyn4ySh4fbeQAWrAENDcfrj8Jd76j,3329316,3e-06
9fQZX3XpVujsXH7TzXvJ12zm7PuUbJKFv4iCBnx7sgTgCL3f9EP,3325120,3e-06
9fq4BjZtvS1vggFvx2vY32pZKyHeJ2CQK8wYUG3boGWbACK3B7U,3303948,3e-06
9hrbvQghJYNy3XCqFdK6Ci3To4NcrbULt8cgQziBozHadZ1RgPx,3298275,3e-06
9hq7R1zrrUAmLp2Row7tMJwXhFYxSQf2Zn8UDrN6zJhzNQnnPiF,3222201,3e-06
9hp3fH6LkT5tkKqrYUXX4J2D1TEYcBht62RhU6EXnSXCdrBH5jQ,3202240,3e-06
9ercfPnFZ2ekTBT5L2noxan6JGjPATpkz2gcYPE7MuXHwu8bCG4,3095293,3e-06
9hmmFqrwmMLsCfupf3X6LvMEH7ThVcGY7F5A5oi2sbjduvMbahn,3092395,3e-06
9fZ3ztrJsY497ph9kQEvJ8jtFQBpKjBeeH5at3z7yNVY5cL7Xd3,3088261,3e-06
9iHpj28Fr6FPKLFsy7U13YMHK51mAjtp7pAcdPDWxxPhPvW1vhb,3070000,3e-06
9g7fAbNvKsTUoQHx6CunQ3LhUmFuXwU8vZSU7qKMe94v9UZ2foi,3059629,3e-06
9fpJBkr4mqiYjsc2kphpiJybzCYzRWbZVCWoeq2nE1xNxxWuYTS,3032200,3e-06
9gG4PvAbV4Q2QiDnEvYt4RUDrMztH9cWj5exabrPawBao6neMuY,3030950,3e-06
9gLNyRiNJh8ccWaD1F8RwsUZNyJTGWWxbVN8X7T83u4noEUdneL,3016845,3e-06
9gq5gLifwvErzDqn5juUz8nXGhcuvjEUg57aLGwjhDDxCugHphA,3000089,3e-06
9i7r4D8btgHyKTHgPbMFGWfYuRUFg75DQoaSz8WRCbfHfQ6h3u5,3000030,3e-06
9fLytFFzTYALknc2AZ2dRKeg8sLZwe4LX5qAB3FwDysMEeRTHkV,3000000,3e-06
9etgMyUEJA6YUCspivPU2MuJbME8Qch8cmrjWogWYa7rSjip1bM,3000000,3e-06
9evfzzNxBruHXxVRxQCZMsGXyd3g5SzLnJD14HYF4F1rVPhGiMg,3000000,3e-06
9iGtSv3Trx7THZDGr2iy53mddQtE3AfgWRqZPqDqWXgnXH667x5,2945479,3e-06
9i3LHdTBHhVFeNTGDJd6zaP5Q2ULZTaK1CQoXVUnKdVv7wBxc65,2921193,3e-06
9gLRSzqiMGdMU39jG6hMAnwHT748HiTrY6wz1jjFGkJYaMPRHTP,2913956,3e-06
9hcFCzYEqNWXPiyHqT8kDmPLQdnH5LEgejFWVFJz9eMDnjcRuv9,2890283,3e-06
9hUVr97CHG3XRtYehq6ghV5RW9Xw8pA1LomzWiRAvEQCMNtPBVw,2869583,3e-06
9hts1HPWPCqt1acJJ9dLVgfYrdPVbKEYJy4kLrpJaipdefjYpb5,2862518,3e-06
9hw7WHF53E5Vq6xFmQzp187hd4zPVbT89qCTai7djPFaAurezfX,2851632,3e-06
9hC1isuwWgCMo5ZZAJUiAHWhUB6ieEJxUVTteh4L1MkkCu9kP9t,2803453,3e-06
9gAZACZNEUhiqNx48JsHqkhibjqw3o8o4RRxPxunc9Fuq3u5jyV,2790977,3e-06
9i1pMJ1d1MfVwKvWPodJwzxZ54PUuxmV6bgfYYoxXEQTjbdFmEi,2759285,3e-06
9hxH2VnowVrw86v7cxkcRTURf41zXzwopusZZELSWQnAqD9eTcj,2719104,3e-06
9ehFA6F4xxMdsBJqM4pMSvz14GecgHJ5ytu4m1QWJ7AUN37Dnmb,2661293,3e-06
9ehCn8DBTGuJvEamcmd47DPmRhNRCrVWYj8JWtdjXKBv4Y7quMc,2655405,3e-06
9gypE5j2foC4F2iwiPCz4Kc8E4Tc1EBC8n5cnj6vBYEGBie1cXK,2652387,3e-06
9fxD2mTTVbBJeCRufcazmuwtnGdpasmWQVGQeWwybnf97ckcXZs,2550181,3e-06
9fcespxXgkxCavMD3m7uSVHa7k2tfxua6xmv4YiLbxbs8e1orpa,2547768,3e-06
9hEX2H39cVuNZSPA3VqBF4oBMQowZbdtDuaeb7433pJQ6Xzfvix,2543740,3e-06
9ghAxhpJYV5MZQBotkKVH6M8CwkUDT2BKDahBSD6G1PJ9JV629L,2543559,3e-06
9hkTyRBct7nBCSyY1eGzqE6vWAWBLywpcUHXmQCUJUDyRXZFD9b,2541864,3e-06
9hB2oyLLsXdZPqzjwFnUQcS7KzizdoCBg5YE3ZxMZxcDkasvy3A,2531213,3e-06
9gPo3JqB5DxZE1vZ4Xn668HcK2jGmMa7o7Erf7wFStMRvGw9Yb3,2508440,3e-06
9fQ7Ft7ViTMhLbfoH6cErdnZUSD5pDoh6UmpdJRsg3BQnWK8925,2502480,3e-06
9fx3GKmJYtexVMSBdc7VBpVnQc24xdDjLFszxWjtEhiSM9UskCz,2501035,3e-06
9hmLEPF9QtHAT6hc8Haa8iNbkAiFSyMRmAyNngmFjJ4GXPEzGSR,2500999,3e-06
9fq9AafBerm4j98vjxoUzchjcY9JL4RGtvikrHrNStoQqeEfydB,2500658,3e-06
9gyDxC6BSye22qHPofuG9bG2DptqQ1F4qnqBJmm4AoYWtH6B5ab,2500000,2e-06
9ghEMNmKhVFgoGkzd5y61FmGDw8gkqCWbYEH5Nbpcz6Tqnb5sD7,2493710,2e-06
9g47rXvoCcoAnp29bJWesoqVdZXiEZae2nxBa3eYq2DRKjK8j9u,2450924,2e-06
9f3K29weuU8gPVpvBpKxRdTSFjf9ct3GP7HjYY5viF6fUts5q8F,2450516,2e-06
9gDLKq4RKgZv1FMxoCZcQiNLpnuFXHXg7xWXE8WktgWqo59cb5R,2449559,2e-06
9i72kzsEGC7S84y1ZYyfgMcqhBDLzQSVTTNfZDbcYLM6Yy1tKFc,2446742,2e-06
9ecJK6ks956S1civRc4kqmwgMUd5r7ukQZH1d28DLeB6TYiwiwM,2438137,2e-06
9hSAtbQiQ76H76kZzXQck9tqNEvbz9xZQaKawiordzDtZVfDAts,2426957,2e-06
9gaxTLGcayGvz26xm8mAR4myrUtsRgWw9nSoiQr7Yc4ZbNSsFyq,2416597,2e-06
9enWZ4fCvhw7pukG94oMMVvNXW3ZMWHNJABe9hRciKPfGTSA2z1,2390902,2e-06
9hDid7kHZoBtKFEm7BcoCzR1zhHBiRf7S1TuwM12oWZUPbHykod,2388654,2e-06
9f6jfZRH9MpxMswq5hzXtqJ3erCivYfucAHW7bPERtyLu4k8wyL,2384073,2e-06
9h7sJNL27pcbPeehPwR8LrW3iy6edbz6YdrTVZcomVBPufEf1Ny,2381632,2e-06
9iLyvUB2MJNSMFPyMw8amAnewi4HbBmqdGzBBRKnc6ZZRS73tVQ,2354807,2e-06
9hG1XdbmVnV9cUJJDgQ6AwuGcFAQdYPDHqYN821SGqNmSexZxtv,2350215,2e-06
9hJuV1QtcG8tfzcLJR5wRqCGZzzapTkXwYHKomwdNTE8cQaRRo1,2335420,2e-06
9hs1jeiundxAJQ3usAETtE6YtSUd7zDm85ZzDmZXMHUJLwzNUnK,2321441,2e-06
9gLQ1fYf4xZ1P3DMVKZKQtevd39Qo11zqHzCwHestgqPaMewMqb,2315804,2e-06
9h7PKVqB8geAGaBdxpxn7nKj6MRME23z5A5MQocjHevbSJfL9sT,2309440,2e-06
9fLyWdMa8YJuCPABHzrGq2S2nVhV87E5UR8DgXsLZ7tcqHX6hPL,2268615,2e-06
9head3z4pqLEnWTpVGAtPK52bV9bNmy8T58N1Ev8YS5v4pP9uRs,2267234,2e-06
9fKweFNmsojnePCCZTX2odjkWfoHZWb5oQ88UVuMpkmEhrKt1JK,2257608,2e-06
9hx3HoWVZ9ErUWmFAFi7XYTie6uUMWWwULuGVFdJFqNNf9CdRcB,2249258,2e-06
9evWq9nmZ3HCn5BPnSi5E2f47YqpnejuFU5jtLkHELumjYzqRA6,2247937,2e-06
9gSCfS4d1XPmJdjVGLPL5t2gqEAcK3JKWp1NMRfM9qjCqiL2j2c,2247019,2e-06
9htJUyzKUqje3v8wRXd4opZ3HiMW7HKhBVTA54mA7JCHxBPrVsN,2232728,2e-06
9hABmVv4LYZapb15MVg9ithcMnftj8ZpT3XYsBAu1dEHfeCcDfi,2217888,2e-06
9fSYE6yiH3EgBtEvve8D5qtFaeBsjTdrB77VRvBW1C4g6FbEc1C,2210051,2e-06
9gwFTap8YaQEzsMAXdt4pa1BjAsR9gcijMMuxTRrAf4vgMhSnXY,2200000,2e-06
9hZSQWXLP72N9iF5jnfqtzQ3nNPGQj7oUD9LVmb6Ug61fCxHtfU,2169763,2e-06
9eqJkWbGaz3mCyDBpaGdo42sHog9AkhemDvtJAqkPuw1YDHxcUs,2161621,2e-06
9hpbfTQ1eZe6iuR4r2xsazTFp9Q6bQCeVJ26qcsFZUbpjxXAXkn,2160870,2e-06
9eh6yjMi1TEyeBQh6noeNdJRsq8LNf9xr5LPu9RmwLn8g39TkdS,2152088,2e-06
9fbZpKjKanar8LF1uTXXkjmgW6STHSjQUku7kBuRYT5LrfSZiF9,2094902,2e-06
9hSp5oD8UohkdbWYBEM4dkyoutopuEXsYTotNfG33gdNUQJ1xNW,2093135,2e-06
9g6FAjA5DkUhQw6GgbgNSTRgTnytLAEkM4RLJ4C8XsKD39gLdGS,2085159,2e-06
9enB6ndQSHECPFmz5MsVtsCRgMHca3tA33VdrGpHDz5JgG9mWjP,2073759,2e-06
9g9QvEsmJPSuWFUCacJ3xgy8rWVBNz8kPStVE83hSowhmDn6oYw,2063224,2e-06
9fikASjc8ecJguHJ6SckRXQpo8VFaPm4Zfb3VFN8oU5aksWhGCa,2046017,2e-06
9htxCwnyzEbNK1Kpd5CUE8kTxwZYgh31M6rmVSKfxC3aHEB7BpP,2040841,2e-06
9fXYsKgTJoiHjgbsFgGAYxuMTGLKMvXzjYwgN7ce811GUrbKLt4,2040215,2e-06
9ejC14pHPUomtGV9PtnqkH1cAcqmhjUn8vtdF19yV6CevQHqMcs,2035012,2e-06
9gYRTTnHFZmE3tzkim98JPDVxS1bCdTMiXXVeTCofy3FYaMCpvh,2023667,2e-06
9f13c88LNSdV5NFt96Ppkh3MHy5SFa99bDsENdc7BjAJMZr9fZC,2000884,2e-06
9gQP8EVY3UBEpSz4Kjqy8S3rFdUE6g443EKBsFJL31b8EtFUWdZ,2000057,2e-06
9gexj3AC8TyksE8yYuDz3GmiRoAVzph436HMi5aKYLKLzo7FxYF,2000000,2e-06
9hNtgiGXb5rrSfj3PJ99aGmLSGsk3zB1NDtavFinYa2ZBBbuXCt,2000000,2e-06
9gyWKxcLp2xePQoVwuLBzbhwCPWjz3yoXn1fsXrY2vHM541Bvv5,2000000,2e-06
9g24qPF3fnAmq725JvP9j7AsCKvJhpahVQY31qyw2YRMfb5BKEu,2000000,2e-06
9h8VnW27eZSvUz7rcWR8xqtMt8HvYnp5mAxnWZhB67Ze9H3SiDo,2000000,2e-06
9gCXJqnHzjhPLdhLKahcmthATho1AamwjzeKsmiumeDFMDS3hZJ,2000000,2e-06
9gtHW3bKCwJrGDAWJqBjQAmBoNaPoyyAbk4JcfZWkjbMitWVxBx,2000000,2e-06
9gy2WEzUyzq8v6PnxVbGqp3TiQrQJubBD8YcSpTFAhp73Hp5wvu,2000000,2e-06
9eeQKRNSioPJpNp8Wutba4b2n2jmFjV3f9LJj9EScuk5unGegqr,1999999,2e-06
9fhwRu7ggDTwEfkDWsEWaGPrBdjXxwt7qqAkArVQKqMDZGeo6J8,1999998,2e-06
9egdFXrwDQXBy4xCSrWGchKAcHMntwam6iDG3uGRpD8xRa2iDZG,1998838,2e-06
9hBAYqGri9LFWhMdYUQFEjn8yeHx7u1jyFCPEUrddKnmrwVS2Nb,1997861,2e-06
9fsp4VDpL9kBSFzqKKjfCcvn5ybePT1R82rVaopVTMHyWa9gwmQ,1996897,2e-06
9ehi4BDbc4pRjxkWioMi2TgHnengXK7y3ZPBdzQeNaHZFqFPyTu,1979952,2e-06
9iBCTESxXbBGKBxjPhEbYchydBFzf4vMigiBgYGbXpyRBbuvwWK,1929215,2e-06
9iHgbXhUhJbkTnxUYYLy6ETDnaxWuhhZZ2N3XTypd178Fn17esw,1915000,2e-06
9i7g3ARXnBZynMXeob2q3uuQh9STi3WhVEULo1mgqY5pazAKeWz,1894854,2e-06
9eqePuavVaMXaukauuT5tXwPMJjXh6YBy1ptz5msRR4pLRm3BQw,1892328,2e-06
9g6mbbPr91oZXq6porjtFCsDABBmNXsBDDPfz7TNMcMUQs43DTc,1890358,2e-06
9hZ1ZKXcxhUeQoHZzc8EAUPZmVTCMWujuzfn5tNs3v7PKprQ8LJ,1844671,2e-06
9hmJctVejUhPcJ8PjkYAZAbLkAqYbHqRdPufKiFVbEtCvXRcShT,1835750,2e-06
9gXKWuX7wfrZgeKhwgpw269cXZt82N5RMmKrFLsFpJvSGaYqyDj,1835038,2e-06
9gWJUsjEUqn9QSkkPMJyxNFmCWCcHnKW61aHfzQg1VuPLPbET7i,1832660,2e-06
9hdBPH1ZvfmZctjN1nbkHk6UoH5ecKYk4UbAjuArLGaxTrcaC3N,1832512,2e-06
9eycBVEi9ztcEEs2fcV8dQUUKNYGBq5JFyqYT3sSuWLCndB5RtC,1796289,2e-06
9ff37p9rmnKHSj99nRcEvvEoHcY15vNyHUELoNedU4yEPyujVSn,1784240,2e-06
9g6ZsmdLT6fPqCVgeWRTTorcm9PnfD4W6RhhvctBoWtLEpRCsTA,1768966,2e-06
9iHEsnuSursvL2ychmmYrE3KbRUVaTjjUZT7dJ1gry5mTJETRsH,1755484,2e-06
9h2t3ja4tpJm2rxz4f9uQTz2m67SyPJQh71mkKayZrGe7ccuyLp,1753611,2e-06
9ezazDwiFTwsW4QLW6JmzTB6oPWyh8Hp2LPhbJumNvzUNAsvtWQ,1731958,2e-06
9g6o7WngVkn4dXwQYaYhm1SPJMzhwbZhr6qYyzfYq1p3orW3a4f,1722681,2e-06
9fMcUD2qCQyfQUYGsqRubHErgpjT6ZKBQTp6ZsnAHieWxfjjVXZ,1714514,2e-06
9ehF9jui9aEmdesLXMXo3B2ftAqyiPNoNvXWf1QY4khC5MMNgg5,1709795,2e-06
9hybhBBJ68dsSyQD3oopLjMTFeCaWVmdCbeaLv3YdEYALE7ACcF,1706866,2e-06
9fvNiN3QXFpBuauJMq59ey3pdZLRxqAKo5m3w58f1aHw17SZy8f,1688531,2e-06
9gA1h7JKYgkCrKwBMUQq7kEDPAToEC3eJPvx7quwSZSykHiqDPx,1666660,2e-06
9exBvxQ8FATdcGA91eawr7kvVRPwqv89rZqsz4ZSf44FGMCxXun,1661897,2e-06
9furbPvGnTa99tX8mLUeN4Qu22NS2zWNPkswU8mLhZeFieSREjN,1656181,2e-06
9esQrtCFi2jxBoViRR2CaZPjb6iTh8PAvwaghrHPZcnsdRFW1sK,1636136,2e-06
9i3ztenXcskMuczuwhCdM2G1wbKLUUchgoUfyCnfRithEN6cPYX,1631235,2e-06
9i816m2XJCEFHsy9JmMULYJ2UXcapJBvhE3ohMRn5fkGQ7uQmHi,1628725,2e-06
9gKSagEbm8GqUVudm7KLvce36DS1EAudDrk3UcZvvGAMDVdiiGe,1628341,2e-06
9fLxVob3iUtWPoMGLk59nw6oTYkncMdK7VPGSoGo1nMUhqfwS6e,1624676,2e-06
9fkssQiCvT5zyAJdsCtdoNf9jar83EKqtiDm1HnaksHX2T6W3u6,1602690,2e-06
9huSG8v3XcdUm3wNWRn6x8iFoaRTRvYaizwkfXeuqMbN5kAqMsA,1595638,2e-06
9gp1tLtRYiaNjmskj77g17B13o4gJ1WbH26NCuxVbpDy6Qpgt5v,1582039,2e-06
9gShaLNumByJYJft7CuyS2f75fkv7ssBwZjJUtdvJvqR9y8fv22,1568042,2e-06
9hwm9rEPqS2x2zxNL6Aq2gqJEAkMrwkuAsiuDyFoFTesvozjeC8,1558929,2e-06
9gfh7iHrqdby5bCYySAzDNDZX54Ch1n7Y8Dzpfu2W8uc8ngpjnH,1556894,2e-06
9gMi1PtsbxzwvLKDSUDvymNGQw3EGhgwE4D6ea3BnqRrHoyZMPd,1552536,2e-06
9gQh8PpAYpfuxap8psXt5Q79QtwappGXsJ2CECciytJwNPvxb2T,1547648,2e-06
9hfyW1zyqwnb95G1tfWVwNXMRZyi33xhfYVreeEDPyMrYP9WeiQ,1544924,2e-06
9hNYyRNXQSH55wwnszjsyT1GUL9swgjtLvCm4YCKKNPaGYFidZf,1541360,2e-06
9fhpx5PPY44NqfxasA34QYRJegVhX3C5wAw77U55HadL6gMYH7t,1532395,2e-06
9g2FWawY9A6Uj1osTCmT65oxVhBHcyePnzsCmsXG55c3ttKg6xb,1519402,2e-06
9gRxPhQ5PDh9Z7y71nQ2vJjyY9VbokyarUpfwZ8gKWxgyj2Rtew,1504369,2e-06
9fEurEmNAXs43nCRd9qxGFgy5GPw1k8GeFMuqLhh4Az6jorYSAb,1502662,2e-06
9hXCrNnVZPdRsmgwxA82mjXyeVEZqZ7xJoTLZpmbVzTBCXBSJGA,1500000,2e-06
9eoPRhRmJQ71TPSkk2eUmMXYpxUVvZvFQo5uB9qjPBM4e3hC82J,1499200,1e-06
9eZzSpAsR3X8V33D4h2HwDRQPnfJGfCTmxRN6rje3MVdUjvRyNZ,1495585,1e-06
9hVM2EMLx7a6CMTsoSqJCXEFUh3HPZuUUZ7qQ4xxErRJAdYaLcn,1475474,1e-06
9fJuBAZqpp59jrGfPsR4FH9wzXNPg3DEfsVPRji3A9wKyQH7nw6,1458428,1e-06
9hyXAmntbZ4mZLV81H21aYM6XnBbMfmR6XtCze7Z2YZWVTmheBz,1440592,1e-06
9gwDcdAsZ2gAJdmSuFnFgbAG7dbxExDVSdSTnbYvSXvyS4YnqU6,1412838,1e-06
9ej41FtKK5nxCfbh7oCiWmkHeVwaquFyCT8ZvFTfEFkSFQYNK7G,1411733,1e-06
9fKgJUsGrrwAya31K1ieADcBMi5toDws5aCQtSkZqDymiW64ctN,1396274,1e-06
9hrV9qpjSyWD5anHDtbMeUpVVNG5JNm74zuBmcAkcMvWsefjitr,1357972,1e-06
9fdLybrcPGxwoekqTV62MuvJmXYZRtVzD4XFpG3WfhTUP1t4Yh2,1354369,1e-06
9iKo5F5UtJDGe38eva8Zgw1jH3RCn7A6cr8kSbiKtmtNSACzekU,1336469,1e-06
9eq5D8cFRLx1VrT2EyYJzayxRirddUQS858vcjQkpDEUfBUaepR,1333478,1e-06
9erH8tmoxGm4b9baRo7x1M4SuVfXE3DEvoXC3mC2ycCdQdAnhk7,1321057,1e-06
9huvvFFXSmJ9HxbhRNe5uQeSArVRs71gFMMEpNHLyZnyh9nbvby,1319173,1e-06
9gFpjVK3P126NMpJQjApUshoyWXA5SaXSfPL52c2QAc5cLcPtB5,1299487,1e-06
9gSxRpEgVkPPdePegTgUwn1VfKQ1ykr9B8WCJvJa8dzwhfjYkR4,1276663,1e-06
9fFhi7QQTPAZetNXey2CBwSWZzooSwbMvN1ybVVThp6jsvvMbwR,1249158,1e-06
9grz7mHNPM3SVPZrEdBRN59CAU5CoVQMvfoWXKHAUcHoaLMD3fP,1247173,1e-06
9eqanERQG1GaKZXJAccgjWAyY8nfsbfSNqavsY4tB9sNnr2bLbp,1245775,1e-06
9gqJXY1t7mUn7rurrcbdY1td226N1TwzDHRZ1xXeUiUERZ58uHE,1244104,1e-06
9fA49AciftnLCeWumR4uxmcF5EK6cRH8wzGq1BSDi5Z2bKGQqRp,1243427,1e-06
9f8itk5MGR6D6TNUkUpYtjUKv6S67bf1u2tycCdSCNqPi6zizUr,1241227,1e-06
9hYarWq12ZGhg9DwUyNL6Xp7EBmyJ32vikCM4wbbqytQiFqGD6K,1239560,1e-06
9hzeV81mRt5N73NoXHHz1cNkVmNKzyrH1EHWcVpyscYj1b8gjQa,1233216,1e-06
9g9bFydYdhSxBMnG1KHMxdhV71R6jv6DMPQWtLD1DNHndTMEkS2,1226086,1e-06
9gfXeCywP2dwG5RNxVpzi6pwLmfbo4JLBtfdzZ2LppSQ7VPN1BW,1223662,1e-06
9i91qjuzGNpvZNDeYknLbzoURHwfVaZncRaN9aeoCiUMTivMtKo,1218050,1e-06
9fHn4ZgAif9VUFQWxWV63MjSRUPKdMqdMwY1LKwktKshgqagWaf,1215273,1e-06
9gs7echAv74baJ5cPYaNWHHvunPhGv4n4SX5w3B1VYxGHaPdibD,1213523,1e-06
9evN5Xg1JATMWmiXCzAujCSonbC8HrnALnW9z8u51cfwDfYtR3H,1208756,1e-06
9fMfR5RXNLA8GKcd3s3pTGaGdq7ApHRwGaXvpUX1fj8azgQQa6Q,1207699,1e-06
9ep2JYdXSPLNeJXfgax4RckUicSmiGEtbLqvGbA1zEod6L3nUiJ,1207154,1e-06
9gteW3q7TrJUcbtQ3ZGFaCEipMen8N8jnMawYvkTLqoJyyJ1NAf,1204420,1e-06
9fbPzxtL7NeP63GrM4Lu2A6v8s4oPuc7S1gKktp6b52pvXD6gZu,1202883,1e-06
9ffw6se385w4dXgEEymVrW2476CRbcwES8RJ8DtDPoUMwBAMUsF,1201513,1e-06
9iPZcmS2TADFDMmjjNyYTMhPn1a6iNTJsr2TywyzcBx1AzfqXFo,1195725,1e-06
9iJf9WXdgv3a5YsRXEYXLfYtS56K51gYBPqPhdN4wnTc9Ujj1HH,1193997,1e-06
9fyUgttquqbeodi1JJDmhiw8BR1tExJmLV5tcNfU4AdQtwVWaD8,1188687,1e-06
9eb1AeUP9cNTMrPrig53gMZA5nYbf3kAThTLwj3RGT26AMtkmeu,1187400,1e-06
9i5WYwqpb8VruEq7F3j7jkc8sVHhnZujtgb3ZXDectSnHQNY4cm,1185768,1e-06
9iNgV1DpGUKi3oKzNymcJtJCvemn9AyoP1TDywUN3aieUURyz3q,1183605,1e-06
9i4u27kUC2fpg8y9FMJnkPHxHivA9yz3Da7SZd7DdooQkLVGC1Y,1183490,1e-06
9fJvwQuwDDqKR692VAjXeNpaNFf1KebaJi3azZLzkABEhpAoAkJ,1180321,1e-06
9eZeGRZS4QDAQ69CTX2888cvhNkM7sxxzA92dR45rTsZvKqVp1U,1179000,1e-06
9goeQvgffAUrrsZZUTh4iEphS3fygBC1GFrukJFqCXZqCgJp51i,1178229,1e-06
9hVb4o3RvyU289aN3WJLmFEbvGUHCxmqntaFL36W91MAQ1KriPC,1167519,1e-06
9fyogdJsqW9iL97y5qhB8U46yyXJxDfDL6qBgen9949CqALtXaM,1167298,1e-06
9g4YwPmL3bX9qEn8zKjkXEx3fpGjSv5uKCmsEaByKZimwZ8CMwH,1162518,1e-06
9eZkHskVmfhP8tAUmc9XpU4GvQ7QN43YdmNM8Cvzzr9s8LF9c4n,1160651,1e-06
9hpxepT6QLF7ch1bF4jdv2Nu6jWEJKMHDukDCXByXTBRUnWfmUQ,1157108,1e-06
9hmRAPLgUx6kmjw4HiaxLhHZzfTbLNKQehYiTKJEutmQ1hNXzHJ,1142047,1e-06
9fbkJJMFEiHrXC2R6m3ox8ahsXqa9QCeqwjizEuaMAXGXpuKFWY,1135969,1e-06
9iJtjeCJYapMXdQs3DYHYLEfwR8DwshRZxrWd1MJppj9cAsVdKA,1127659,1e-06
9f9zXFuc7mZYSaqw97xXjx4jqaqnXVVEQHa5SqQW351KNoMPC3N,1126756,1e-06
9iEYLfe9XSQfDULj6yELpehkjtgKv6qmXEk241QbTyxTjbUs4F1,1112085,1e-06
9hRF597dbFUNvP9VftsR69146Zv6UBBJ1Ny2jBsJTdprSP9rAo2,1110909,1e-06
9hjGA1rhqcqJdzGqKYvpAgav3YR2XjbJomzRmsbSgVFgTHUbJFL,1108183,1e-06
9fD454VjkD1ePXAXJzEFk24M1A2EHPdEJ6jiLqom9QDFC4kka8w,1102477,1e-06
9iPbq9DqQ3ppc5wX7S663NosPebvLUNmG6asNqKRSgKjPFJzaDy,1100000,1e-06
9g8hhaMNW4syQwRgDSLr3HTFpTeBFZ1PNRcQEiAmaQcxsUNXQAh,1100000,1e-06
9etwwH5vG2DSXSGMFswqjkygH71C6J89dmVSYpEq1h8mSWxK5Yr,1083720,1e-06
9i4yy2cM9ZfqnSpcChad98F8uVqTfTCEyKeHPJioj1yHsJyeGGt,1081559,1e-06
9fQaX51SoryqRtyDpo4kFf2NhCo2vwNuicfbqsBMkCDJZxgyAis,1071581,1e-06
9i5TW9PJjBCmy6Zm2em2ir3sbEEVYp3BJKbzzp1pBX6CLocQ9c2,1071330,1e-06
9hnbp2LRLCiTfuPZQovcLb992At82yjBqWuyp7u3AJMoZ5CPUMG,1057918,1e-06
9hLK6ajng9a58V9sP1qDFFKGGU5h4C2uumB46SfZLMkSxnmuyUJ,1057309,1e-06
9fVDQdvD5y7vHauoCfhPPxjzG1tx5MkQTy1vNk9R9LRga1UrLVC,1056709,1e-06
9gdyHAGYGnPRh6vWYV2ipRniFTvsHVgaPRmmMb5mVTcGAdaL9JJ,1056384,1e-06
9gcyZpzHw9eFQv6WyHBajDswJaPgejjSUQiJmpcLzsdmzCZo2Mg,1054799,1e-06
9efwRWg8BeDXEDnwDEgTKC1uFeNavWkiBrCm8LE25ADE5wmk7J2,1053352,1e-06
9emQdTMNSSqVSLPPT6g24rPRMqYDK1WrfQ5gJA56iF7GYTCrEjo,1046050,1e-06
9edcYjY1E3Jjp7DSAVmh1ooMuATH317WurNYC6HvW89nxMFQBzN,1044605,1e-06
9epTZJ8dHyDaEpVHX7d2sMHrKNMSqwZiiZMEqcye44tLfG6UBUv,1038593,1e-06
9iHS3di2LqLwKH1NfzKwYbHunii4zLiNTiobNnqSfHf7f39f6Ni,1037225,1e-06
9fMUmccKVLi6nwV19eSVKaUeizL2f2LwZW5K6i8tRojJx9dfWmy,1028694,1e-06
9fDrzygseGnQ5bpK5iA8g8Q2WbHHTFDTFiFjsnEu4hvqxWqCnqy,1024435,1e-06
9giEaa3RjhEc28rRqw3pz65VDRTRTfLw1gu5yiqKE8ZkBN9Kw3m,1023343,1e-06
9fwAE3bQY1Lyrg3roJpnj5RmQjhuTJmxRxHaS8hjrxvFJG6RoaD,1019949,1e-06
9fQtQDYzqZk7fCCSFfT5WNvYx6W3kfvE69Na7CESqpXA8HNdjc2,1016295,1e-06
9gt1WVQiXH8hyZfMGjtLjJrizPDuKqcEy9gQgkbFk4geqvPwmez,1012616,1e-06
9gkfnAiKSvJbYb8YP4RqHCECTbjcKZXhzSCsGVPsMs9V2C64sGS,1008253,1e-06
9fSfnRQaVoKMqvAEL5HWobxzAh7yoNJ9HeP667FwU5JumRf6nt1,1006043,1e-06
9iEr7wFCDhnpZcaZ2KTv2LPwxWHgudVprSueexB3zWqZiLiqA5a,1005513,1e-06
9gscSbzHVKu2iG1DZu8dfriRJ39iUCogqHAcMBUKk9cq2Y393zP,1002287,1e-06
9fYLAFkxEC8HVkfZT6JVpnU66uk7KLPhQjkVHv5T2gK9KGcFaib,1002004,1e-06
9hGceS9rTZDDmsnioJGWykfUAzk8ZbCuuadNLvoeG7hN9bM3kNP,1000404,1e-06
9huwjJv9HPc3gkUzNPYcEEqiN4MYjJZYYymTerBFk5vEn2zhqjf,1000281,1e-06
9g8STmjX62d1zYjqqatREzuPVojwSMvkq6cNBuZHJKgEbu1VTQ3,1000210,1e-06
9iJkieXSookLtaYr8JZ8A8nKuev9dzRMwxkGjuyQebnQgCj8zdC,1000047,1e-06
9g4eReCFfwHn5yUMaeCSnun9ha7vP6ZR2Nyqdf9XT68v11TnRfK,1000019,1e-06
9hBfScM1WnqhrGPfbcD7Yg5cv38B6MrmVqUhVkWC7QXzvf9kSTD,1000000,1e-06
9iKzGRux98cJBruwcNHWcX1v5HjstshboJdaHzxcPBQYAjkkJvC,1000000,1e-06
9hLZe5W1Qh8c5ynJmbDEjz61qzPA4SnBzdaJFuFkfkCVYteyzAK,1000000,1e-06
9gAC1oT5k17doMbdDmg4rMSxh6ZrqHNS9WqCz5WFpgmn13Ynnti,1000000,1e-06
9gxktppQzpxfvsY1nCziCqqmFgjKpo5ZTXwpuTinTChsqH8erhM,1000000,1e-06
9geefXf1SMxVuHkiHo42e2UPFUBwDzqULTgLMkB2uE6qzYt6egq,1000000,1e-06
9gR2RMa7U3hxwnzCtCYRFTBXxvDVC8RR9JWdSiestmWKPYhnd3Q,1000000,1e-06
9hB8jhzr38XW8aCvN4y3kxPhK5E8DzDcLLFJkAT63LRDt1VH8mw,999485,1e-06
9hd7fgHCFMb5EzP34QL3P9KtkknMbbmKH5cFFugJDwvLMtr2egP,997000,1e-06
9h8Z3mfZRHVaSRvyjKqMgUPR4rhN3iJjgJPTqDpAndAKbUwpaft,996190,1e-06
9efzQ7FfJUJR5467Dfrd5nkap694jXV3XEMCSFWgiPi9yPU6VHg,992808,1e-06
9gHPVBD3FCEEVLDiYouozAoLtf9MZx4LWDGfBTAcJoSue5EXyrk,988910,1e-06
9egfgvVbBuGnucsqgJEoaVbjfaL7RD9ghesN6VG7AUvYzHtp96g,985993,1e-06
9hGhwKkEwX6T6JqeCAqGMiAX9UkzeUkMWUF77yfANsuJ2CCq2rm,981192,1e-06
9hvmGocd74FivqqyiYSr2eda8tengBhxvcjtPZoRqKzz14oG9PN,966257,1e-06
9hQ3LfJ8fDn8qLk9ThDBCGUKb8kr16aFDjdtUQjV38crbirUvoP,965817,1e-06
9fLRsRqTHUGEcS3GvB6pNBXUuXX7ibWFuXpZuJCuHNwBEmQk9y4,930284,1e-06
9fB78N2zyiG3bKzaKQgUBxmVeokhFunLHsZkAMBNXsesHjE7DWf,930000,1e-06
9hu1pWHWoFw2ciYzHdxkmzpXUaAjUZHbuXAYwPCcBiQ7ytftr7k,927188,1e-06
9hpe81mvRMgdVnQBbwxbVvHom8xYe4jBLbzxbtwWAuWuLnvzYCa,915366,1e-06
9ehfMPyhTY4jPTwyBCFrjhsbvSjqL3iJe6gNWLXND5oK2fq1bun,913504,1e-06
9he1myeaG6krEZMG2SMHosocEEjZegNz1EJ1K9MvdqyVTFwZmYe,908422,1e-06
9fsasfTesec28DZHnExgiXBxQd8LtKZLncp92C56sRe8apB2oiw,870119,1e-06
9eZnjhtEaHe2Wt7MJ4q2KDo8jued5UAVZwUvTtMhR8eco9J9mxS,841979,1e-06
9hgzFVxeYo6VdgvJeND6P7ivpQBj5MeEBfK6AX4xJRepke6wWTR,839021,1e-06
9gee1ymM5yv1MMCe64ikoewSSuVJ2h26kuK77sqjibKANVdVDHr,833095,1e-06
9eo8PcQW5hykEuorTMu5vw1WaUi6ith9WkbdoU7H4kwE7gzSpUy,826175,1e-06
9eZjxjn9ib3KZZVfWKqGred4qpqQEGDkKAweU23QnJZKNFaaT2M,824314,1e-06
9gunMPQfz1WcVmivSQgPiud278GAyvj4dJhTVfSUEC13Nxu4r9d,815563,1e-06
9iHrvo99XBnYqwiK9vfkagZPmtSCmmSFDw6ThvPtyU1HHgDRxao,813373,1e-06
9etbxBpH4WZXU2X9m56kBYHtucTT62Wb9kXnnvY1CPhyLJWiXvf,812907,1e-06
9fnEqejcJLBys1s779PHW7qQ6f7QHyTSN9pry2YepSURDQjNiUA,806718,1e-06
9fdcmU55D5jkqteHx9KUk3TiNA78JfiCZQsm2KJoNR7h8v9yZix,791785,1e-06
9h8QDJXQZVTTpnWkRs6bFPzBSCJAumJihKC42ZmS5q9PUs1tKAS,786138,1e-06
9gLFuPQMY9J4RsqnneD2NaBpmm7h2bwmf28hJRsBEaT3JhQoQ7L,781711,1e-06
9i383WLGZCX9aWktfTcpkU2FKVBudUoVKXsLd1rwXvVp5bUZRci,769864,1e-06
9f3vQuiHVLrTfbURyhid4izvBPUuimsNg1vXSC4cvDXbWuU8nC2,766663,1e-06
9gtFnnx4wkzbAsyRy8jvNyobnsm2fv4DR3ckv5VQzLzsgxdyddR,753535,1e-06
9fsRtKxCP8dvSnhBw9vETrkq34NZHPhyZWR1bruhV3sv9PG2KcY,749595,1e-06
9gPBPiBxnp1aXm5JzhwKyHGEPwumsHfcQEgdhqs4E8SQtrdd57v,748998,1e-06
9hPjkYKNomekDcCxoDJHdfQsviohnv5y53rbE6mwzWPE3vP6G6o,745000,1e-06
9i1tudjQVnaPAeHgqxD5ywSDHh9o3n9oeXRznMDCWiw9FTgPSsz,744596,1e-06
9eXLdo68teMvmMZsUqXpri2vAmCQqCjkde8Lq2iKfG37PMiuZLs,735974,1e-06
9gJ7FJe7gin9WbEmxNGie2Nn4xhHSaV47KPb3J4yiHp2JmX4Pjq,732196,1e-06
9iBRU8Q7U1KYaZD8BmdbuEBbLngfran1xhk84t8h1VXUiZPsYzn,729690,1e-06
9hBhLg9TXLBqRhUvXAe736fZSKmuiYP5Y3UyJYTQn3yvscnu3jL,726689,1e-06
9iBR8AzE4cz8PHL1udk2RVHCtGzNDiWiWAUwqxo2yTMFo3c56xz,706041,1e-06
9eZuRY1dQnRkfZY1A8phpm1BaNXJn8cH4DHz9ZzXhaKiAJxkYGa,704399,1e-06
9gdpKtKKhjxMThs1D1D8RZVUPCcuMPfB7CWFJpL9z1v9gfL6ajp,700608,1e-06
9ffstSEdT29snHX7qgN7cjDs12DpJjVg4TwydUm8kJGwZkJN2NU,697257,1e-06
9gwB4fCtrJGA1DJNUPQiifk9zLjTeVoCdxGJ8TU8T14mfKcAFGN,693821,1e-06
9eXEKbvAcrZK7WG5T7DoHXUqnuenez7ZszzR7w76HtJRsM1UrBL,687092,1e-06
9hnen2CBe59Eu8FX4WV3bgUiuUP2Gr58VCp3nowkfcwLZ1CjNGy,681944,1e-06
9htZvyDJYYv6BUcMV7KwucbfD7zDxyH6Gbv2c3aneEkXXarxdrH,661318,1e-06
9fZnoC119RLvsBacR9HGsuA85nzhBXC9fw3qqFajReoDL6juLap,658326,1e-06
9euWPMUP5mc9sbTveDWVq92kjxqde8Aix9SjR8fgVrjnZTnPrLH,656732,1e-06
9hcGbjPeYp4DUtpEBsyMLKerWDoBYHoxHiG2nD7yweAV8AgrRa2,655548,1e-06
9f2rhhLrajpCmgPECGS3NcQXH8QzxduVTsHT6SUSS581MUSNx2M,655307,1e-06
9gALRCCcC9YsWCpVg6FNAG2R1yzYA6zze1R5Ci44goSXhmVczxT,653523,1e-06
9h1fVz5AQ1LLEAU24QKBxLGNx2MZ3mepEvQv2GYVAHhTNKP1gc2,643604,1e-06
9eoS68cXkPUFHcdW4uarhuz8EngFJJuthYDy1JPKafRhF8c7XyB,632987,1e-06
9fycN1dhoPs4LipRZF71M9AMwFWy9ZPo9S8pxt8cBBSCkYxGN4Y,632282,1e-06
9h64KBr5L8ZGPLXn2kLWbz1iR947i7xfmi5jiQJSGKwGqzAo5sN,620282,1e-06
9h8YcZeFyePJtbnFmiAnYjN5WbmMMN3DmE7sQd6m6eeFiduyYhX,619434,1e-06
9ehrAV7MWYHkfssomFdyN19Y6tsgb8da7GhDvGrguHD1ArXQHkZ,616558,1e-06
9gqJDLC8Q7YTmSduF6w3b1M29KPhgUqeKSWSUHzxMb8TM1BW1np,605264,1e-06
9gma5GwTDfAmfs2mJQVugdXNazRaqeAmA43kpUVaHvm7djix45t,600000,1e-06
9gzR7YqwQGfcY9T3xHr5z6BrZoBP9q7Pwi1MNBL9ycZuQCmrfrH,600000,1e-06
9iJPD52BV7WBoxct2WCWoxPEJjVfzUBe21g6Nn68va55hfRd4Fy,600000,1e-06
9etx6ALQrzpbB9BsAHQ4LtmCCQYvvHCtDSzNJhHwkVkK7SDYDne,599566,1e-06
9gxpegB3bEh1JmCM6K137Y7RJ9NZstFz4JHh7DmfvfYgo21YPjh,597828,1e-06
9eg7v2nkypUZbdyvSKSD9kg8FNwrEdTrfC2xdXWXmEpDAFEtYEn,594812,1e-06
9gkPaz2NmqvVpix6QwDauqKQD5ZUfziLLixbTkG45RKDB6Nh8up,590229,1e-06
9gEoQoCbciAMCDiuiesyEWuNKQdE9Mm1jUvEe1TTUmcQVthVDhm,579555,1e-06
9i9nrjFBb3eJssstW3ZUwQ6QsZUWduvPT2yceLBcwzcfWtiDbjn,578912,1e-06
9hbS5yNewSXCcRmvQqeNBdt3vuzZptxF6wGLF41t86A1T71SNek,547554,1e-06
9fuBP6e1261sQRvhej2Lp5DmapCqZWU7jbxWncmMw2WLhg9cBkE,543019,1e-06
9hKtYRuYFGxhTz2nfFivMXGJ25YaKuLyVAjajz3dM9sGLf3wduy,540000,1e-06
9hqoy5nfxukPKHLvWmdLHfNKBNzrdoTSHhJx32h7oxNdcJfKGpt,535432,1e-06
9eZgjz8PphoSWQiNTtmE1sysZoRiiTc8NmnTJpiN57SvBXcDnWH,529372,1e-06
9hbsL6YdoAPBbm3jH6RqL6yzQuVJSfZSBatTYTRK4fF6a9mViav,524528,1e-06
9guv9hZuYrCsuAfuPY6Cb33JMX5xoJWZvZf5Peqpr4hNTKh3eT4,521585,1e-06
9ezgL95GYFXv9B3dXggbLnPtgC6WSkxoixw2aLWk5SUnA9AyB6D,517361,1e-06
9iC1uVcA1byQD4mZqFe1T8yRkQwfkSzBMtJvtNo7Wu9FQNFzh22,516315,1e-06
9hcrbzKVgmKKNAdNjBGMjhdZ8Snhpxudq6xXYXriS8FeD23F76z,509303,1e-06
9hcGFUNgyRUaBFct2uYFanUgXppY3mCmmUzdmwkvYMaUaWxutr1,505079,1e-06
9fzwjVbWxpVAZGfwq7Amtvw41eZM4cQdKeakhLmkZcxMJ8F8E7q,500569,1e-06
9fw5NdyeBprMzw2cWGwS5bBvPvKM3nCZcThiRRHmFKr2qmuELHz,500399,1e-06
9esfJr6wjwVrHayjHbM58zy5vevKUagNNjTjKzEzU9cEc72MzC7,500318,1e-06
9ewkpUdZ3KKchpmtz4rkouvAgfYaU362S63PLcfL94oECe2MEnW,500000,0.0
9ftxTQLuBkxfYefg5tBm1koGAdDYYS8vNwwwgjFv4fP2hVhTzhB,500000,0.0
9grYdb4qVmR13torkcuNgXxWbDQJMRGWng93UyjYchbbiyXcwAF,500000,0.0
9gqKR36KAz7wPjcMXTgheKBhYc1yc2PNFB2c7yyTdfGn1QECLWk,500000,0.0
9gV9ebGgmbNuwDhTZp5ptzhd8X1nPcgUPEhVEfWE4ibJKdV8t4n,497667,0.0
9g5SUZQYnpN2uBcu2YpRZtVQJJHyJS8F143G1KsUCQtCGQsi4gE,497453,0.0
9i3jkmCe6YfKc3HraAch5XtYWBwcbPB6TBsDtPdSQMsqVtb8G6i,493096,0.0
9fbahWznyGbWspKteQChY7AmbMq3UbKbtR7UKC7R76h9wpjKpDy,492734,0.0
9gF3RS8XEnUAnB4A9Fsg5zH3gFGv93MFyVLejC9C3avY4LszaZu,486674,0.0
9esCU6XQQsrXCJ88KtnL6rxGPptGseZdM3aohosgL8PPsNi1RGJ,482370,0.0
9hPePPAfUAoqJZEBw7KUssAy57os4t7EPqrdfbwdWAvxphdj2Gh,473714,0.0
9eqkPv18SvsjYCwtFdNMPokfHLyQerE4oZsVRarVb6WtWV5EDnF,473127,0.0
9heHHjymekM6RRBknZQxXMYoLDNQumP1iAoog3wkP99mF7jHS4Q,472743,0.0
9hkQ19pGzuiEhha3vTm84QMbLB8qG3MkXHWpBEcxS3qicAnjG6x,467036,0.0
9feeENHsvFvTWj3uA8PaYKzK7hPENmpWBzAUpUxCMSaMBPiZXuS,464077,0.0
9i3bbfFvpRGBNdw8oU2fcAVsYNZSKGNXEoFS75nd2iKR4npjF2V,458802,0.0
9hDuehidMCKBmz18Jp7h9QMrDxMVE5ZaTcttvjnuxpxhxxcqnCW,458000,0.0
9fxkN8J9QKcti7w3ptPnkjBCLJDkch9RCfRM3vtizLc21yJERSX,434275,0.0
9i731YUDbY754QqueJWjy2BN4gbnKiNYndpNAVGsiXMf3TkzZ9w,423771,0.0
9fHJAgKZtGZz9uqGoKNMpmo2iWijfcjJXAsZN8NmRsAfNwuo8Y5,420420,0.0
9iEdrZ4j8DtrzCYX5X684tfU3m5UE5GQsp2mXrgfP9KjB1gFRj8,408546,0.0
9i5buuMfnPpXZyemssrDh9WYUitob6ZwexVsgpnsELDkj5efKwU,408288,0.0
9emUYPCgyRWxVTB9RcgeCHR4EvbtLpBx5G1Fx3ufqm6zjVUTmk2,403385,0.0
9hdQ95sJp1QJBtsP76mimKtSSzctbRxPUBUc29mAL6uhBsUHrHW,400672,0.0
9gFpT27xjSNV2MmA5MMU1cCRNbgYQNtJni23XxVRPDoL1h5dfo3,398324,0.0
9eXkwiU1LUMndYCWieDy35JAe9pDTcJ1kULd8D79w3sxXNE49wG,395607,0.0
9hHV9kXwciEiqRpjNZaFHxFjhu6nf3dwpoNCwZhaRuTadYSsnDV,388916,0.0
9eYAQtXnFFnscPe8vdDi4gcvEkwotA1cQpkwWP8YsZZsTiVgtPm,388690,0.0
9hfStwTCgSySb6dbdyA6nzkvv1suxcbtyTedPoZdjaLNSKQ6T9e,385896,0.0
9gfatMynZAu9derxnCwwA2aG6NRV6srTQVvhV5qCxkep6zp1Ypw,373989,0.0
9iBvnhuB2qbBo1uALC4bdb1KsAZUJqJXvY9cqw7jh1YhDDfPPL1,372274,0.0
9frQMRP8nrB8YGaQyDREsaj64C7wKNAEvf3NtuuJENtMz8aS35h,368550,0.0
9hFNECaeuGNhTDTH7Hb6hvjGcdezNU8vJLQqmLHggbPaSQa16NR,367783,0.0
9gyXFWm2N3ZSUYmwkysFQNMw4VCLZSsq1G47U1hCjuUbtd7UYy3,361831,0.0
9hyYoQGUA1ZZ9mE6tAGr8PreZUJCqEKzP9cBCetiSJBVzBN1D7R,352479,0.0
9gvsEAXaXT2bFNqnEuHUgKEqhhwyViQSui5LZZ4nPLk5x1LAok1,349524,0.0
9hAa8G7RHUmoegSQTU6gNv9rQ7jmESuRANwKngJdx61Q6n2nKGC,346793,0.0
9hZ5gWiLuoFtXPfFLpqcpNvidTb5i3T83YG21UH24T56Es82vr1,340282,0.0
9gzqmd9hNjhpL3LDHwvTvLFy3g4dPKpg9PEtHT1LgRPGmHX6KR5,340000,0.0
9grqwgg3UHYE8MNo6uXUk62qaL122ic9XUdA9HKLfQCytmfSG2V,338588,0.0
9iBaxDV1FYWnZeBg9N33aNSsLSHcehP64jCfcCWjGQaJbz1qn6J,335183,0.0
9huNTAeiNhgbzzQvDWCpdWjQmNTRQbfkfN3dVFH6GnRgZpqLj46,327519,0.0
9fuoHKAzSmkkmMeJGt6i2KNmZdSHY8LHHUVkELFcfhcxSSTdU69,326000,0.0
9hnmUfekQKaZdDuBRXRamdrJcVAHCDJYXp3h9knDxkwpYqTyDjh,319058,0.0
9h2S1RyesWMRdhrUU3DLuZxMTWkEsCQzMM9Qus8RHKKfJUE5zyb,316488,0.0
9fDWqUpX9Fb2CqQFP84XWai4Tg5dfu98mKv89aSyNJuExaeKwPU,315000,0.0
9gxiMGWxfpuS7CzrZJhDY6BzP644pmWeeUMghPsQSaQrR4FY6t9,310812,0.0
9iJGEYAUr8DVxTApM2VJrXrwoBbzsTGKDXgCvmP3ZhN5ciiyuhs,308293,0.0
9gChf3m867JyKDo42FpLm488v6dc9A6Z3EjN4b3PP7YBV2aqSFw,308091,0.0
9haZffRgY2cSwNYzKBh5M3KyFgaXVZB8w7PzdKce5tyqwvGD4b7,307590,0.0
9ho4fu4A7drxfZdKL8TogH81iqGFhKcV2gFmmeHwZywUyvJ5pgE,306346,0.0
9hwz32VmdawLgkupj19NJd8jnLyRY1PoV7m5CaoykyYFwwkAZ6o,305951,0.0
9hyejpv8DbfJcc7QDk3x6vUMRHEEE7RsBYPeoxpaXDk2w5k1DtF,304611,0.0
9eXhYTxJt11zv7J2Knr5GKyZDQsXf9p5YEJgyawRZBai5wewsQg,304611,0.0
9gaGwDNTSDZQKffaxhVncHc8Y7fgTBugVbUjQ6KVip13kb7e5Vt,304611,0.0
9hkiWQFgqrqTP1TupJn1m2CV77JBcFWeWfSaXGn7dpfsFRXn2gw,304611,0.0
9hUXcsrkLMbASUR4J95aaR1qYPJUM28TRXPixoWDTrj2qNReAt9,304357,0.0
9fapojTCWizwUYfnaSLVtpMoxgnrzLktVhGLjn76ZteGZa1PeU7,303829,0.0
9h8CscCqA1HrihAfrKccbEAgKK58QH3hgMBgtftV4P5W5R8TrGr,302945,0.0
9g9SEWMYUKHCna8sRsQUUojTj2dT27tpZrsCQTKVDgegDMgLW9V,302342,0.0
9h1duUETTfEqtJMg6WsNuAEG7Saj6ysMDSrqgeWMyUxYMQhRr1T,300529,0.0
9fHLdYBz5fPdDfMkGMfAsuj6EfXCpmM4GkamT23xeT3hzdHbNJx,300000,0.0
9gucpmEgKas1n71ntPkF3tBK6N3kb7zBpCgB66iMkfHHXE73aBx,300000,0.0
9gpwZmy4TQerkn3WQQKYGaUYRtkFzoMvJhsWadxGYTWpbmFUgZb,299999,0.0
9eh6TZuN6mL9zbNNuyAic8YsXJKd9x33a325gq7LTc4Rj8uCk9v,299177,0.0
9h5vVFzhWSqSsngnUmG6nDUkrYjKrCF1STsyR3DbaswZ1bDisfM,297464,0.0
9gex3mCB3yZfFUggZ5FwkSSaikkzr8QHf6Nw8AZZPXvM2U3gnaF,297398,0.0
9g5r5YufPAs6UVbCofSGhtVF3zkb6MvGfAMgM48e4MWMrYMEKLL,297157,0.0
9hPgE2m9kTv5Qfv9RFRxLopygo7M7XiKv924hsz8E63aX22adYr,294146,0.0
9g9KzxYU98aYf3nmRtQX7K9zEq2yvMK2oWfpu4LuRtWVsjRgzqg,287967,0.0
9ffHR8s3Uduujm2gTDEaBU71KDjdnCjD3oCsxC6BvQgbt35xPvN,286169,0.0
9iATowK4etFWRRWLpHS6HTfi3y1CQTdqqBGFpuREEeMtoECrdjF,286111,0.0
9gNaq5uLfxXMuaunadY5M42nan1Wa73xN2Y5z2jnnsxaomeWoNt,285399,0.0
9i3njX17KDTQM98E8Ah6PHDwnimxyx7o9PZnbvTMtPe5H6qR7i4,284875,0.0
9hK1MURrbhWWDccop9qiU8GEVcqHEXVNWPPu3Lzzijs4TRyEHGf,284266,0.0
9gFcRhNPh2pPcRgCZEirfQQDa69gpnMtGBAEGiPpnfKfJu5KiKQ,283356,0.0
9ga9D1HsEmkhbLpXA4xsj33scUBhRz44rzA4VyHTDtPjhe2ssEc,280927,0.0
9hLXF8Jnw5o3Pxqopjw1w3pMnLBGWnLy9KCbjF8BTDBfgJbgfTx,279037,0.0
9fy6E3P4NHPcUaponanyaCuS5jFVzuHGgLzn5cqK2T55yoJs283,277191,0.0
9fuYTrd7HGHyhAf8DcdpmCoy359FDvYpCHmh1MtMw3BFvdq71pK,274623,0.0
9iDLk87ojLpCcPNVe8oGKRHXXuCvLJjHx7RLTR3Hqs9rq7jxZZV,271882,0.0
9gAQx5nYXPzAuSYaffTDdYrS12hfLKyWqKSZD639VUAjFqHJp6G,270153,0.0
9gEDBK9n7uQKBi2WCLcwEqmNLCkdgR88npJXSxfsPkYmTAgSq1K,268612,0.0
9f81GzTgGkLGUockqsvo1wvwkHYjCPgx4RYRZHpC5Sb6LCUPUsU,268584,0.0
9hgHUhiGR9q98VvmcfYhKb62HvaFKCju5adeJnhXFiNu3jnxXM4,268526,0.0
9eqqoMmpTYVdBxFV39imiSgYD3NbnZApqDNRE5uWbvLi1jXH5Fz,268488,0.0
9f3X8XXcX53iPSRojQn74cxscWuwPf5RLLWsjbqR2uLgz2kYdjK,267319,0.0
9evuJA1d1HUi9qb92zeM5RcncDYCj2UScYC91mZ8xVj73TwpZNZ,264991,0.0
9iEHUDKwHL4FmSFnZvy8roJCydgehNbu6xQCNCq4MpSV14qLVju,263155,0.0
9fvyUDVqtwB5mrKSbY1GjJC5npasAyyZAkECyg2piDbQYtdWnht,263133,0.0
9htHUgLUEQ6x1B7DxCdXeM6rvWtAnJk8LaHDahkPEUcyrZggMXa,259556,0.0
9g9RtEBrkk2Z6eHfZSDgCysApmE75n7DMeM4AaKt9seg1ZDUrxG,256467,0.0
9fi96DoP3kDK9aQbfdTqx7XkVc8DQyFRP39KeikUThMVLRQLNjN,256299,0.0
9eZJaD942Tpq2YrFk7MgSZZiDeLuU5ud1v8zuyaAFQcHPhCNP8u,253756,0.0
9hJvqxsiyfNABhBn3FdoPzYFQTHMU1BM7tdUif7oaY1EhLEGoiy,251939,0.0
9g5ZNer61iZ6G59EszPQCvd8AYHqoKLP71CrbKwTzgEA34xq6N5,250285,0.0
9fHH5qR9NYhjRPqTYfJnehfkxPBWM97FbkCEbZcVErzsXntBP9b,249850,0.0
9en7MQC4LFQqaNGAzU4PxpKWW61hA8anEJwCQZg8C6WDr9XGqmo,246549,0.0
9g7mqqQAnUG4gWi6pFmic65ZfUrrWiVkMnbsg2hXUx6aVbBSTJ4,245957,0.0
9htXPcfFKFsY3KLyN4gzN5FPyVggjSGibPej8bv3mEVHuaqMt9F,243737,0.0
9gfPjErpdwQbKKUJyxRX3itvE9sH1PhqZ4mxsjQXjnuvayNf9TV,241481,0.0
9gN6UNMkibYjWjSHewUHwfjFRNkroVCArKRAaNFvb4NXShnh9nH,237693,0.0
9erQeRdbYHVyihKeFej1Pq6qZNuTi6oKFwA9cWTrB1UZMiUyu5Z,236197,0.0
9evpW9bbK2jSpPi1xkieW9UnHFigveLaExJpZ1yPEicz2iMjGzP,233307,0.0
9gtcv6ecpwdqFuXVfWgx8DCka2zFUFgk25Z75VbsfmvFPSFSBFv,230721,0.0
9gpgXRTmEEoZLH82YDa2XEKybV9ps3x1FgozpYepYd6k27WR4cF,220325,0.0
9fE3M2idA4r1UukAVyb2U4n7P8QtRAc47pqJXZY274FRsm9bnsB,220325,0.0
9hhnozzdoW1DZTuyVnr2MqAyWJkeLgSSZx5tzBTmYnvoMAkAWNy,220325,0.0
9gnajWHFjreMaGnpXounNYb14F7N1NRVmfcYVJq8m2Fn4iU58yv,220325,0.0
9gqQkrefVLjHHeAFcnS9BGzF71qtvtn35YTKbjHgLzas55fhCqT,220325,0.0
9hWRapJ6RT49m2XMFCi7Y8ngDe7TCaHxwMikJAWaafaWPVErirE,217592,0.0
9h8VZingU9MLYkgQHDHjKjPmK86xPkS9AXeghcLqjdQJseV2dFj,213724,0.0
9hq89H2QJ9YX3SDNP4XMMsN1Ts2iS9W9vffaqv3XacxoNBHMv3a,200396,0.0
9fqnkHRfar3ZVbmSg14ApaRzu6DyS8Qd7MUUMj8H3Q9RwBa1oPc,200000,0.0
9fmuKdcHyGjdm8q7fxK8ss7iEzqQspQCFNLzZt9QwSQwydpymbV,200000,0.0
9gBUZUmFiLfEXPHVa7tJWECpZaNSRyp384VNpsU2vc2XnA9aamY,200000,0.0
9eZG9998nkdDh7Pz7wfvGWWDX8uaFqdtovH64vDK8ijwpAFwHuM,199014,0.0
9hsJULNFq7MEBx8qYBsWpx2UMAiRYPaSpQw8pGwdLbZU4rWet8j,198429,0.0
9ees9ohf4mBjRi5ACHNXQFTyN1Vg2UagPTaJEJ6wWhxWSbH39b5,197839,0.0
9eyvNqRRHAZfjVf1ob4y8rpzQ2qPMj7PxNtBbxUujRdXHXZonfr,197833,0.0
9g7mmzjkAmUwLQCRS2ganycTdEG63bSG3hZ74HnbiQwnn5fvhAs,193030,0.0
9epPPayztYJU4ngswYqdruRU1hgSGi2AAn9tsvQUaWHfmkoRg1o,193030,0.0
9gm4GdXRRmMeaABSFdFC54JfgmtNMdjqabaas95WNix9iQwNpVT,191728,0.0
9fJzCzVGwiv1aq6VpFXQLuKAUe6yeAVU7puG2pKP8P3uRmgNx6A,191288,0.0
9fLQMXmZZxgvTNYTYRYnP7ML1ifVsZjvG56RD2XoVHira3QTdMD,186868,0.0
9fMeo7DHyx2NWR7k7XLoJFkaXvSC25jXXTt16vkugjCRD9fbuXC,184735,0.0
9hdhEEEYk1aUUeQNoBnVD1kjiscEyf7Gdbwns75hwTR8Bt7ndWT,180256,0.0
9fgBFQJN3Ru2ghZaUEZ6EaNmoyB45Env1516773pP11QNspvh1B,179086,0.0
9fHib2oghmYzHajMxRQ9AT6hKFqRxGpAWUkzydREw2kHq8w8VMF,173588,0.0
9ghA6Tk6vmiA4U1HCqycXArEHimfega1AgzuHCjtDNtPNM85Upf,171738,0.0
9fAWnVbqNaByU7ehvmzxtBTfhHJjo3eAcFd7bDDi3D4Ga6owAPX,170179,0.0
9gwQRYQK6JgpVrd7CcV1rJL45ccoTzRFpwEEXZxAPY1u2XxFkC1,170049,0.0
9gUjQyHHeopuCExw4sdukHxP8qvsYuAM3BNx2yiKy322BS6L7yM,166488,0.0
9hVNgxGUWjoK2kTcpnLos81fnNhWC8rr6E3GnNPZeeLf62ez3vF,160636,0.0
9fLhf7Ea3ztKBsk6bjQxo5Qac6ACVJHoARdtVxa5sEMmsfW1JXh,159309,0.0
9hovV49XhGV3u2dh64UGxfCe3TGYKZGQ5fcyp3S5jM3M6sDetxz,158172,0.0
9eXYxCVdV3AWN3jzAuWZYWYcQSspTVGswkC2ViY8pj8mYkvd2sh,158000,0.0
9htv4nxurmrC7SUsioCtXiuQeLnKfttvm3ek2t9hgJgAYF3z2z3,157616,0.0
9er5yRiRuV3yEPaWtfhAPpwwATjDe5fU8rEXvEMcyghuPaR4MRk,157351,0.0
9fggB85Bw6UQZgrc9vaeKL1xFH6g39j4Y3jGB6tovZhgZw8dQhd,155574,0.0
9hhHntCmAKA7hWAbefC1GEKtCtSKdZGnEum7MBGYP8H6d3tBdQk,151315,0.0
9hF5KsGaUEsNReecphYZYmH73JiaW35RuXf2J5dQ3NEiP36ewQQ,146150,0.0
9gnuHr1BUfRZJrR6kvgqJLDRRSoxUN58mHthKKTiYixYoMCDG4C,145660,0.0
9ft3r44omVU6RFdws7Tb7VmvGi7RFhU73HutvbJ4EaCzeEciWH5,139123,0.0
9gApQVQFhrPWUQ12s8NDGME3ux6r31TNVXmLrrAw8ANg6Z9d1CX,128578,0.0
9f1WfdAEnaoVtraqMDgjP1zQ2ktHhD17XwxnraVKGfCPX9f3sNM,125180,0.0
9fYaNmDTN8pn7szR6BH7vwZJoLZ3VsohZiZCin161WbwtaNjZ2L,122056,0.0
9h6Ef3KnoxwMMRzJcQc2KCV8YE93e9z8wLr7oYErT1aHCcx3NP9,121195,0.0
9eia8RpEKJ21tyfXaiAMvbxGQ4SqJPXe9vtiPMXf2mt3oHPvpWe,120036,0.0
9iB3fSUDuqj62gzHNnrSAEAf3T9GWxf33HN1NAn9NK4NjeATb6V,113092,0.0
9hZxEHi1Bthb4bnVq69zELVRM3WvPC9vFNsFC1DWBNfSPQX38gA,110436,0.0
9hp3Bcu6SBjmqDpTuFCscXZ2nDTRSpsuPkFWD3knmHFuNFvgtQU,106101,0.0
9fsTMAjRBxvwPpifYo88pvgFoQqLzBC8LuiXNiZJdWUCkNYk7ZL,102917,0.0
873uAozZGWZtbb5NskvFGM7h9uVm1VHnSnThQ4X8dwXms1DGHzGU3QjqwR6s3hXhaZgfmZjmFZaq5A3w2iaeAvMnS4fkFZFpUD8NqLEkPE1crXtNYNz8g7j96fm6ywXfQpzTk8SCo7Q6vYQbBfnzsZYVjWUhqoAh1TqruisuFJf3okNZKY5Zo8TCczvXAFuptYjsgTXcW6tQDxD719mYf5p97FPZpxeDC9amornQf19VQeEVsWeckzXqRKvZBvv6kYzg3b7bgpvwvRPNgeSMgjDSzjoPhXTQM7E9r4Z5GCuui9CyjeKueySeQ6wc966JnvKn1wfiTpxLm3nUZrcvooe11ZvuBy6ZxLsmNUzP7jnvhAXWgFu1aXx8zCU9GHG5XUU6eGk3S4z4ZLECQsMVZqFrmuaRp59DHMLL9CERvNqJiFWebcs1YMxdG3XLodsKdJqGKii6Hadakkh5aKbNAvMRGMRWYWirtZXnBrCdvg4cuzfk8eUBFsp7i4WcNb46Zszx1mstyyjwtkpXv8yXoQUv2QPbradxsyeQFex87k5zGeHJmLpXbdDieXfvEsjCef3YgeVtaWEeTQaMx8CFyPrQegot5b9nvTfUo6ryCjYYKgE4XNa7PXxNJ3x4B8jkagf9FMXPRU6Kfcqk738SbCNQDTCmwHyjjJWtnx1adTAujLU8wSJFYwWG3bzCdoDBfmcc3dARZxLMV6YpPkQ6hLZu148ZN7d1T8UuLu1gQLxAbcsVXkBpSLfP4EGu85te1BZazrF6BCVmw52V5246vzUXQm5VVPzXG3NiZRjZ2BGcnR479Z1DU9Vzvd34KQMnjMXmoxeELLAtTfeLp1musyJKURRXaRiYhK9F5Q5vAfBBU3NX8Vmtv4LJNDm8TKRVGrbkacTQnc8vGfitrw8m45CjFdbFjCvgxVuLAJ6eUgg,101884,0.0
9fsWExiJsCZBGvWan6HvT9Bbko8njvPnuTqhQYPrNb1YSFbXoRc,100690,0.0
9ghwJKnVFjYWQNDrkbcnoXuzT7YDsiknab2MqkKbecvjJJvZ7eg,100686,0.0
9g3BumXveoAdhjZHonaEB2woC3Jia1Qj4qgVDqJAPDyYNkwbBns,100460,0.0
9fnyBM39Dy9ATnj4eufWKukjVvjp9B6Smm1RMwiTm1Snx9pfZC1,100010,0.0
9hn88jpCsdWPTk2haUXP2u7meK8MXP1nHHu6aKcUa17A2ptiPHG,100000,0.0
9hUqrhvLEXDZLwy4J4se13nQaQ4g5CUSVtwCgeBVmyzQ7p7ZMJz,100000,0.0
9gE9C8ppVrvdDUEkJXGEd241PFsBYRmg2dX5c8NR2sf6cf4q6xz,100000,0.0
9iCz9z6LPh4Bv1PJ7HMNbFd7eDaVwVC2WkNmNeYsgaB837L13XC,100000,0.0
9fCM8VznGaPqAuSvfbMDm7uZcWzJKbB95StPK1eqn4gHVRCJd9o,100000,0.0
9es5DcCZo2MPfZG6taDBCX6oAjt9kGdGzTRvJxVQ5BU1X1cgTrZ,100000,0.0
9i3oNo2TzhLdy7SQ4tCJuaECD8wtxd76TQf5mp8J6FGVTs4nurE,100000,0.0
9fricWPLcPkXrfaoYnnKN5V8CA5f1CJ7mZs47aKutY7aeJ9aX5a,100000,0.0
9h3Ej7ghhvTXwf1DRR91oLywqDVWUY5reGEW2UjN2tRA36JLwRN,100000,0.0
9esN53cmo1NCHcUCcewMxrSYm5GgoJMMm6JBWJGrY4M5e6Z4hFx,100000,0.0
9gQiDPfGmZnZCa2k3FQHh5j8QTwtoUZmubCdKuB5TW3e3NLE438,99999,0.0
9eecPRMCRFTnB7ZQ6FtfFVNsyjjEtrZju4ZPqiX8WpS4ZgEWFN9,99892,0.0
9i7UnENi3favb7TTF3gPfar2WW4ci8HuPDC8PznDgApFxLxxC7a,96984,0.0
9hXPFkp6LDQ8MJ61TUFfozeinv5SU76upHatxYZxpCRVyqD5x1h,94569,0.0
9fd3xgQN5EeQhvTz2CvrcJKA6bbq9wwSdLdv2gnNUe6agZnBryF,93279,0.0
9gwiRXe9odKfWNKmitkDdt84g5FrtrrxopcBwZSr1aFHMettbVU,87072,0.0
9hRmDvVBKzutRC435arzRehRbtD3Chb1JTap44R4ZVQx87f59wH,84568,0.0
9ehGd5AryYAbADRdhYtcnxbEv9at2DRYcK2GbzXVhXAnYqLZ5Vh,84538,0.0
9g99bsaYqiV8tsuyDLymJL2gBrCqCYj4FX5AMZLyBy7YMybhdaX,82901,0.0
9hRj7DpgeqQUG8bD2UQNKtKAeWZkhx8dvSuqVmHV5CxM2n26eSQ,82502,0.0
9gvP9iXKJ9kXVKGqYNTvYL3tNbY6PFRXPUiCqfUgH2jc4yaxUap,78273,0.0
9fzNj3cYLcGSFBQsrGQMreo9SjZDnZVHABVaTEjTNcPhMnGEjHS,75257,0.0
9gpxawrSrX34Yrz3Teq9vapr6D3p8BFu9yyyKWLATMnxrBXwouL,74110,0.0
9h7M17AmFt7uvN6kyFj94wYfu5DBUkThBUpnw2jA9XyAnpYcbzC,70000,0.0
9euL8ztiHdbamECJ3jUVtmA2PYTQo7jEogi7aAzhJeWqrc7RnJN,69990,0.0
9hpFpwxTkAhQzrj2WFraii7twYWkPacx4BkgVeKwmPQWRNff2f2,69885,0.0
9i4Wz5nVRayBSW7nxXsFEQoGuVzFinXqnSeDCbQYU5xph8uwJkT,68975,0.0
9fnuwj3UmnwGqD8N9UZpdGZQ9ZhXfJadquWBnafsKdspuZJXugy,68637,0.0
9gvxcsH1ckRiFcxmg2yd4Lsegt3MTcWCTGRxwB4vfGu8na2KdzJ,63230,0.0
9gZHVCsmFQ2yP98eGN4eVkmzx6SyRuPV3kL2mjxJWiyzcMBbvMW,61604,0.0
9gpmaBxRPFHb6BnHY1xccuw7omYjo8kwi6mksjJpfa7Y1MHqMto,59930,0.0
9iGBDXUwyGp6gB8ZESCtjzXh2aQZvrFbcr5cew3ZrhKui5Se2Eh,58626,0.0
9gdU6KnUP8bophaynW9hpBA7xx5Rr4SjCenrMwFo6noe2NP7Xp4,55590,0.0
9hr9JHEFNDmx4AMDRAHjHvbrjgEphnFUJJ13Z7c8yk1yLAymq1Z,53354,0.0
9gDvQhi9oN4twy5CpS5n1H8fDfZ2mQivcMynBBJj5SWgSnVZkBH,53181,0.0
9gxj7d9GAEwi1NQZppLPu1stS6hZMuhBtod2NA7DjcRGY8ZjjDP,51676,0.0
9gTNXpn8RKtstJqGDM5sNBQv85pNP7CfQ8aNAmQ4vWLmCFhm2XT,51450,0.0
9hVvkNEDnMEs5M3wsF7AcUTF6NpW6GcBJusL5iFL5jFv6VfpKPM,50000,0.0
9fVJ2XGuBNJbqnhZo27i8ZLwgNW1xLkogxWvDmJdRaiz5u6ECUd,50000,0.0
9hEis4ckP8iSaYV5tj2rt23N2NtMozh96iVRZqrKiY7nLLbsVTA,48035,0.0
9fpbFHtHwgSioMeCvMptHf4mZcGMQHxbuKTJAD2HZZK3dH8bA6p,43344,0.0
9gtmQebeaNUgEjB8cPdN9WcV3uAEAYDRYWiKgYrKj3YiJUwfwuF,43344,0.0
9g6x7nqBgM717ek11FKw7q1pPBK3hchdzEDcVuQtjBbLKjundyY,39993,0.0
9h9H4FJ7jWLZ4ZvJQ9BccWKewoXdAn4mfkqwmoh9HwqjP6oB63C,36578,0.0
9iQQcf3t9YrsrbwxmVgN3zwzp3bLejk4sQKTrwFW7m1ojTN76XA,36231,0.0
9hzXxediBMkoNj86fx1hpkWvbRskgnnUFeA6UfBgTifERAymKDC,36231,0.0
9fwjybHpxJ1RUyYWkmNdm3tgxs7LXTTQkxTcqGK6o41fr3kPBnE,36119,0.0
9f3FRr4XudxVs1V35At1X5yj7LmQmnWqG46LqFKVNRf2TuYsAik,35000,0.0
9hgUkShuoaCECE5LempfXnRKMrrYtLtZbJhrn3Sq6sCHxKFHibn,34634,0.0
9hPDVX8Twuso39SZfEU6CXYfPT2kC5WSHCdXD83NYq2LC4yPeSU,33972,0.0
9f3Cd3aW9frMUEy8xTHbeYFdNGMUibDCZUQo91QAovqQcYihjDC,33648,0.0
9giFumf35wFAASS45uRchscj5y1JyYNRwndwEP1QZpBxftp2aRi,33648,0.0
9fwx9F5D72kft9Ji1Ez8QNLwHxVaCELphuZdMRy6vR5mejFrP5u,33212,0.0
9hxk8tPN8RsbbeCYChBKJmBjNSEqcNcJW68gHJBBYnmAfDfZW9g,33208,0.0
9hmP3tdJewXStrDv7Ezxsn2oQGGzEYWaRTKxDwsufJwJJRVrAtg,33207,0.0
9eZRZN2bjcNrFYX4nUU6pkTZzTMdJPP3FWPk7sbFo51CaC8iDua,32519,0.0
9hVyFeAFDQoqFvYJBoRJ5Yj243vXqnjw3Sc1KX59RcTRcp9QTfo,31792,0.0
9goWhYYSKUNAGGoq44zsvMgxy1EsixdNfbVh4B6BHzNjgYVVfBj,30052,0.0
9hAcdWpFAv7biCSeUcCvXWYRfEepm1ubdsfg5PC48k9S7ymiU3W,29850,0.0
GZYz9ESxvrKU9z8owgULrUu4P14hFLSfngB77gBpbVQ4vjsuBZC3Q3VFTjuoy2ZeVCNNSv89xDPzpyyKQ3TLpbKpCWbi7oYmhJHxcFzLijEKkqS6yPsSDmJC3rbXHVm6ULJFZVWvBJCfsbghmkuMKsEkgpV8wp2zxSy7YvgGciwe686oDVEbcuP6xF5BvBUEFip5i9moe37XgQWt4UzsZa2kXPh5zeQ2eJWYu9TdWyvcYimT6ZKSPNkLUxtsAERFAo7Y5rdNWQdaQ9u,29202,0.0
9gnp69o52bKWRE4mEQaD1WKJ9AuQ17KjE8kerXcAhxtgjUW2eTL,29106,0.0
9i53npgywUzLGmtmWNwuWtpc1ekXYMum3iSSXdHSuMB73Pxpg7A,28222,0.0
9hppR5hA16X3uw5Z5oUV4gU2YLHa3WCV8o62e1T4avR7SnAWERQ,27884,0.0
9hSCGaUdvLfz7LS5xrwPGqaJhpHHMXrMRqoMX9ntUugjXAgbELc,27884,0.0
9f6boDnpAcqQnBeS48eXocndSM3pnfo61vqRuTRRbwQoGPXSsJi,27884,0.0
9fxQNiqSB7pxgpFCzAWtkZwky1banCfwsm9FtiAMi3oJ7HfGhgE,27884,0.0
9f3JTcVVF1yMA3QeLZhmnJAPVKCnb33onyU9Ex7xbzftroj9r4V,27724,0.0
9gdCgB8E8xU5ohEiJ6cjXasp5hLpYDCDwrr4CkEBkWSaxa3eHpD,26676,0.0
9g43BhPqjy1JdT2L7udeBKb15rKyu3iF5ZbbtDTeHPfd5zpAN6w,25660,0.0
9fbsxEhL8qrUARWMCg9nb8gTTrkFEwRjqndcdaYta4SSdr7awSU,25530,0.0
9fsqhJD55eBHfPQT3QwWyCXQbEowjTQC9XFPjmX5AHq2MNx4Zd8,24687,0.0
9hDaPXB2Tx5BHQfiqcELp6m3wskR4g8sa5Tna4G9y4TeMa878n9,24060,0.0
9foELkHZwXFcsHmy1wEB8gdnRMvr7NQnYNYWhpksvCMEZyfoTup,23671,0.0
9h2fKctEEed9enkQbMGSif57wqu8CkaqRnFq9Jbe8JpFS8ckTY6,21527,0.0
9gA6efjq6RkpgJSpagQ1ueQ9RUCFGo14BnTo1jprEQw7KTMkd1G,21000,0.0
9h5zXHmcx6R8bLDsegbL686oqxhHpKW2JmNCszdvBG6myrrakBz,20214,0.0
9eXdo4TPYaC9vCjar4XtnHrRKMh3qx3xpa5BhpHpVLNH2FFrcYs,20214,0.0
9hWKxeTDH2LWTw8TFXwYBPi7mpoZSkCv7WBKrotP89ntGepmQbm,20214,0.0
9fJNUJqMcqoR5N4riyq1BAZie85vcTV8SxtopJPJgzNdm569qJi,20000,0.0
9hrYUM2MoBu8pFeV6Xvzxg4jLnQooUCWtLq2KwTU9N2VSjmhuZZ,20000,0.0
9fQkKAaB47hWfLJhbGgYekg2oPqpSnAANTgb9KBAhf8MfK8SiNK,20000,0.0
9fDR7pD3Xw1L1QxsDxkJFVk4TWuimuk5N9JJQTEqMpy4DYWyjbU,18975,0.0
9ff1hjyscYM53GjWEJ3QfR65PDC8qp8RwhD8TFiZZhCGhHFhRU6,18162,0.0
9hx6NrgG9mjkzJCLdp5hEkXHaxjTAd6RyGREoNUbmb6826yo2iR,18126,0.0
9gUuoPi2VxQeb4zhCtisAhnpmHNQbzDAEz9zXBThwsGnbY7gypq,18039,0.0
9hENULphzbxZaSjfMow8doKrru3Scgd1L7tm6dXxHTVDyTEUCzY,17887,0.0
9ec9AbgF7CodB12b138KjgnRmXgqXtmNbV7Q5NojuMa9EpUncLa,17423,0.0
9hpYwEEBfYSq6T4q8UTjqeKYDM51xe8J4SwL6dToQBiVBJbNk4v,17034,0.0
9fedSYJco4smcgCFC334SX698FAdbCFzr2mjK86wHb4WYZDBKyP,16569,0.0
9f3vqq9qZcyPtdrU8Kk1T3WiHsvkkW8gHWrAAxvtipigG2bAqcx,16185,0.0
9hvF5bgR98V2En441MX6WzLVov51pKTh4kiqd8zMHVUoVvMYyGy,15832,0.0
2Eit2LFRqu2Mo33z3pYTJRHNCPYS33MrU9QgeNcRsF9359pYMahqnLvKsHwwH72C6WDSZRj7G7WC5heVyUEawcSLSx821iJXT4xWf2F5fjVWDUmvtxr3QSv1aLwThLXxeqYCCc34xjxZDPqPyNGYvWLNeBZxATvBeDuQ6pSiiRFknqmvYVsm9eH4Et3eRHCyxDJEoqZsAahwfVSya34dZNHmjaPQkwWo3Coc17pxiEnWuWmG38wSJz1awE6cymzhojnjxDTbbXgjR1yfYU3AU2v9zttnT8Gz3gUzZNSwjiXSPu3G9zkDaFZVKqb5QwTWY3Pp6SFJgBQfx3C3sp4a9d3n9c98pfWFWAGQN5EfkoHosF8BQTDuzXG3NU8gVCNeNPXYA8iWCbvY3XpxQMvQUxqkjDv9VQfUNvAKVHLW43chi2rdBrQ7Teu6NnesLRWUKXpzSxpByWftkCCdBppjZtYmhhCHqpQGkQyTcMRoP2krFKe7xKbfnFkdkhaYH9TTdKuTuKtGb265RXxiqrc34KvkZpaBBQB5UvoCU4iLSDngNTjqkNPnWekDahzNHLd6CtcdC1B19jdGEXWeNADemDtdK4zrMNg7U8iVpyGYhLDnkeLVrcbhoxkHxrFwfrN19XvitDosQqmt9dseR6SWHBCDZJdmJecCiEwd2wBiwN5N5umEy3Dd4Hznv7kDr6eX7KtYxp,15012,0.0
9fYjL3EV4kDUpiSvB9q7XXP2k45MkFVFJWPeYSkAtG8cTRoZkBG,14997,0.0
9hEkW5w5tG2csW9ohk5nxChDBGNmShVJw3D91GcRne5NknrqEwx,14958,0.0
9hNombFUE1XNZF2FiW8QDtfYWkGoeJpU4yjGtKiaUhQC3Zt6Y6S,14247,0.0
9g64CUoAUnXWu6KmSsXv6fdawmkyrhZhrEHG9KAjDyy6DCPwKDg,13838,0.0
9ebG9Auqm76nYe7TKPFpHaNxR1UkRo7XwEsEj6x8sYM1eeZiZq4,13705,0.0
9hAYWwDmqbJQGZChLXtVsbNje8XbBEa3zAg2X6na6FHb8kWc3jz,13663,0.0
9gtEhGzsj4xenbiqr4U8QoDKoZf6W8UXVhQy4f9yDARJXoeFuMv,13572,0.0
9gN8gmyaDBuWPZLn8zj9uZxnLUj4TE9rtedtLGNjf6cUhTmoTwc,13097,0.0
9hLCPF55AbjYAnc8h8HLSxcbj3hERxNez1PPr8XRukUxmpEuFx1,12272,0.0
9hpF5e6DWw2L5qhM58EpGothRX9W6xQ73qNGdFHD8iYd1yGqjuV,12155,0.0
9fietBccjHwLwKLS9W11E6AvmVZnNi84pBHxT1z9Fr9x1KkyBJh,12129,0.0
9hNfvDfQg3tDYwVhf7zc3VRP9uv2GoFjvWTNTabZkFkRs44kKdP,12125,0.0
9feYRPhNQEP5HS3ZA8nFbicnKtvCUmBJuzYegt4ampujFzAo12T,12036,0.0
9euDYaJCFWzDgjXJZuPxGiQmjXGDzNJ3kSzBRXo84xptiuc1GDe,11864,0.0
9fkbGsYRDeC4Wwd13ahQXKUxTcbTHr36FCbmyA7zxFtoZJnx2pJ,10441,0.0
9f6k2hBghjcFiBwrZHU5s1a34ZCNCaqh3EUfd9cRzk7CBqDN1PL,10367,0.0
9fXLP23wacFvn7nEt4PKELyfjvs6qXQqwjAUuYJFchfpe3A43Um,10081,0.0
9gwdQMd8V2JCdcfdmjfhxekHrTcvjt6TjE6B5hD85yoM1Yi7LUY,10000,0.0
9gwZDMRFZadePTeweYJ5ntivC1sVEN9NRPp949ukVp2wwJgdYMf,10000,0.0
9iGHi4FX3Zouk7kSptdVbR2DRVFQHQVj8izGoe5n78woCS6bdiJ,9965,0.0
2Eit2LFRqu2Mo33z3pYTJRHNCPYS33MrU9QgeNcRsF9359pYMahqnLvKsHwwH72C6WDSZRj7G7WC5heVyUEawcSLSx821iJXT4xWf2F5fjVWDUskGdVdyYY5RBJnp3dfYC7iPoRNeopAFQWFwEbTieow347UhRyqvo2LntFpXzomvGwVTfq9YXS8Z1GGW5mUEioD5xC17Sz72NLbQrskSx7QZAxQTbMGh6vwM9J4q7NzRmQeHmWaHLpUHMU4Jdd5ccKumMvAY8d5C8RxB4iATySLY2N1wY84qNsWNaqkNofbUebf6LgmU9HTKAmU3nDoBfX7mhCjH8kXDhZeYdRsuLVFEYu83TkpwgHAYGmUoemxWAeA2BKMx8CBAy9jxbCyUjdnk9i7sLxuejrwLLh8W4tP81YkESjZ8BV65BhzPdvCaiX8vBSorgFfnvGKVzwfhhsSDwLY1GUwLTMLwTUTjSzEjsMX9hzsEEEmhxLsekabLmK3HZ1jssLrFryNuE59uS51hazJsi3gsT8SBk1J9YV6Dq6xto28nLqrMqK6raqLcAm2iU8hBtqdoSXqWzsrZHpqc2uLGhY52ee4k9TpFBvN1RovYUtY6KS4FncT4UgnbEFkzsnWYKX3CDn16tJs5CyZ97gKcvUonZ5EqTwabzni14CcQsTtKtEAqj1odvSyfJ94NnEjuiVPC3VmZbQvveN3bQ,9725,0.0
2Eit2LFRqu2Mo33z3pYTJRHNCPYS33MrU9QgeNcRsF9359pYMahqnLvKsHwwH72C6WDSZRj7G7WC5heVyUEawcSLSx821iJXT4xWf2F5fjVWDUpyGNdkxhFwQMhPKpx85Uu16put68V837wxDx19LRJ5uqi7xBa7EDFRU79Grzk8HDrfpUF3qct4xrQUvDofDroRQTuKueAbwybAfGDhNqG3jzKQchgjedBkbPAuDuNunehW4ZXUBLRSfqy3xofV76bxT5zpZjZcKud4XaRQvXUAVGunJzAs7RNZD5WZxenhmKzhiyuzWiq5QkWqxFw2h9vQ6Dd5PdYsWP3dPtaDC8WUjGz8tQ1tU9LuhqZ8QThQA5zBfoPFrk2iJ1repUuwZPjWnDRHLfWppqDQJGm2GEWHmYTQAfCJQFChUtSNstSATxw37xXjziKkPQRRVPr3VPapbHtGSoQyygzTHgcjxv3HSzwXkD7DScyA2iGDsd4B4WeXo4a6nM4CYpxa9f9FvabbNByhKsgq3ZoCsbUVXN99Pet93MFdxVmBBEsGYEYvtmMEDZEGb5z3JZDtVSdudFcm3bij82bdFzKSmmxxWZhscmLYpGGq1J5geqTiyTCgsmksAHumPFBmLkz8v843Jc3z5b6dwFgyXuBmQPTq6Nf8t95y1UYe8UYx3qNVfrHSGbToSgvCQyLKVv5ns8T2SZRWWr,8982,0.0
9gQTvn7KpptzfbJezcJTqnBnyvCKv5U4GipXFWJsTW9tBcgY1iW,8895,0.0
9fPpPP5L9WLxG9QHungiW8odVHYmwkv6SHeSgjzUA6V1GFtBqAq,8601,0.0
9iGS6knNs872VydbnzxJGfHsPmM7bfFwK7iCn8cETQT9tVS3KCh,8467,0.0
9hWtP7kQC7QTC3o5qo7WtGB4CxeCGHftoRjPLZ56UeHHBWBudvK,8422,0.0
9iBV1S2bmetmhccvyKFrnhbAxs8UphQ6NBQcpkHEazP2arijxzK,8000,0.0
9g9nT2aa7NigUgDYG1ekYk3V7Lu77aQSTqpWHVrPBdVSSzAMGrY,7966,0.0
9fFTWcCiofuazU4qAkJoftxYGgNZJhd1AkepCon6Z8g1gBzrAY5,7725,0.0
9f3MLQivfErutLzPA8QRUjq1gr7GRHmhwMjefRg4o6TdkdQPATh,7703,0.0
9hC9XMuTiaZmCFBBEu3MeUKHFu6qxErarDu8uSSkASMShLrpRAN,7681,0.0
9hYyCun63B34BLxarRLuA82hMhYW1voAF8EJdjqy5osXdwkAHRd,7296,0.0
9gxC4XupGVwLjCCC73td87KkHSbg1sfu1qniRGyVBnBB1wskpDY,6670,0.0
9hU66v52vLCD1ojUppa56BpiGrSQvKoSPDZcs1QiXJXQxqWz8qj,6664,0.0
9fbVyrHQ6Szyc4U9XWG1t1CFurnxEnrkgHaYuQGbZj1iGoHkiCC,6225,0.0
9eh2U1zDsGJLPRnA8U19Wd3YbVACoT9pLgibhgroE5yvPDf92aw,5923,0.0
9gicpipSQr966cZrD2MwW5cjQw8PdoVAY4FPXcdn3mqWZUAGSCG,5000,0.0
9gqcnMQhSnhVDKNcpd7TXz3XBGxquZrpz4fMcQRyszozjSKbrba,5000,0.0
9i1ukP6wz4VaDqJAbhmGap1zJjucTSTdTEA8Dwr796hHbqUpuAW,4997,0.0
9i4XTRsmQ1wb5sacTr3qYUeZ1DkQkT89tHWuVeRJ7GGxZky2vvN,4047,0.0
9ey1r2hzuDDusZUEgfoV2bqRBazGBDnZHHpTw4BazQcjk4CyJSy,3958,0.0
9hRzXVcCT8e756CuR6xB5m4JpX3JhQ3ejxyiXgTw6EEsy9JTwQU,3915,0.0
9gTKmxtYkN7inN1XJSZfsqbNfgYExd68Jm2618zYwrHQKPWoXVS,3697,0.0
9ecKpmz5sWhP7qSyEkC6rrC38CEnMJFjDP2iuQh6BjyuWBQ9Ecm,3683,0.0
9fGfs27iDB9ysarDtNemJoiGxmLRES9KG9egVFtZ3cnkBTnCgsc,3540,0.0
9hZEA3gUueeJAhF3FamFDGo4yhwNktdFsAeV4tGB5BmtrFrkRWW,3440,0.0
9iAXyiy6jzBsHGT8JLeNM6f5hfoLtpa3CLBCT1HgpAfytPYPije,3314,0.0
9iEQ71Do6EeD4LKZJPJEfBY6wZiJdd8sDyghr6EYDiM2avJBF7c,3000,0.0
9fPNKSG26JEegnQgbwWYnhjQXod43TAP5RQH28zgWPXib8MMPnu,2988,0.0
2ciRQiAXZ22MygfevbYz1iJuB1VVdD7DSaBiUNnkcipG9JUXRdEr82u9zL18Y4cKp5g6xHYJELqXxUB,2850,0.0
iidiSUjY7SU3DWxDtgd3mAtxxDxDs4fVYNRnGg1253gdDrUA2rHd9qMmJaFe6G8etr7EfYejaxYqUDi9JZzHNZPAvyS2Ue7Bn7crsKAYDHsocN2d6fDieVwY7Z2wY8uQB4dPu8gvrwek8wNxFLRRrotCKQkY3Pt9AKMninanDMAFi994JarM5izgprWJ3VfHdujSMybmFQ4mhTuBhvfQFRZfg29WDA39HpWKVHCccaR6H38jTPdKd5mk1hj1v4rV93RsSNtcWiD99SWVaDamTmesH4yy5quQcbWo4mZ266NJzXTPHMUfF41dJ4HqSKmXEXB6z9JL6bLPCBHN1ztEY43P5fg8UeQjuK4uZriYDouJsfFGt3dx57yWCicLMdR1rbSqKecstUzvPnefTYjiT1xQwwz9LLnQ7swtRacdrfcCX2Vyd1W3CD6cVFuWwLCXMNuPSUcbE4YvdfW12ZjRJAC1DwnWj89TbHVEkkJgACHni7HZfZn9mtcaYWLdvNPJh1YYCe6UwAsFMBK3zaudCnYzugDdMtxvGFBGCHBdFvBhw62Dt8RgPnYyqAHLfWVuZ49JgVBUEYHZny5C1zH9NxkQPkskW7b4DqqtY4R65pY,2731,0.0
9eqY4U3DBnNGqAeh7JqaeVCmivnpaW6yceGHnjiYUchtrknFZxr,2695,0.0
9gry3LYyrZuRzLkLxgNi71r355dzDmL9c1a66aEoDvkRU45pkMy,2685,0.0
9hFiSQtHaJXqY6EFqT7BNjvwHSKmpYE5wA27QghRUwJ14e64xZh,2541,0.0
9etWJTHm8hu3e8PpB5dq6ErEkCZWqZBkF4rr6NxkL85hTgdZ5C1,2502,0.0
9huCzcjG9bmpKccftEauEYD6YP6qVpnJQXAtwuSpXy3WcMpYgFX,2470,0.0
9gxhg94hCN4KdnCam6ef8i43eZrhZdohG2ahiRsXk9XU5FpUKbC,2165,0.0
9hVL55CcVcvWsNEis6Q2JdeizJfvQ34vKgv8qSBYRM7eBhPGFh9,2010,0.0
9hwEKqgW4XjRi7uYjRcsZHiRiuNT3dMHsR3J75BNSrGDQyKuz8Q,2000,0.0
9fBmHyFqdegV7a8z4bG9KEPXPM3JunVS52TrsQBBxQhjy4pdUq2,2000,0.0
9fyzpTjpbhi8Vdg4MWgqzawVek3usHdZ88n3Nn6zgJcRFCpYzRb,1999,0.0
9eedUp4SDLsgxBiPJid55qUnCRDuXeNs1Z9fpi4vZtPgZcaBgzL,1994,0.0
9i5kV6Ef65jrBc5RGsKKynknr4q56jdMV1YoWgBot9ufCktVMEZ,1925,0.0
9fatudbm3RMCQKXQUTz7EjUwLreMNB6zriMUq6QpsBwLF8Kc3AD,1828,0.0
9h1t2tyKfUsnUMsc69dVsiPJeEQe9aeAxkDG6kca7XxjhYi324g,1772,0.0
9hrt3UdDW7zUsfv9R8FREFmfU6v2KQocKJbHdKGHipQBEprKmW9,1692,0.0
9gcHr2ZgNK9AYpoU41XfZb8J54irYa7ogMrLsQyZZJ2ow23kL2h,1664,0.0
9eomPho5Egpmv5eaQ2sNZcpqZ4RSJux3qzoqq7WS51NmUdooasW,1500,0.0
9fmmVLWWCfYBCqpjjk34xdzb6Z4oqeNskD5HvFBycoXwUqtW2mN,1282,0.0
9effDLCFNCcfxaff26utAWK7dfLZU4zqMd5rc2CVzQ3yzs5ME8R,1203,0.0
9fb5qPi3G5D6y6PgRX5gfbpL4yJyzjt1JdvcgytKPoAwj1u78oK,1144,0.0
4z9dZrkxdYok1tkUF56Emr1XAzzi7VY8rTzxZ4qtv7VACufMJDQmbBVsgAjVhFYf8h25DG4wDbcDm1RhiBmMW9MUFQk54sfWmyEa1bBcHNHhbfCJjWZ7z7eC8rbiW1YuoVhMPh9Zc49Qhk6hZyTPEdu8EiBvu5SZ96KpAqdYZAfZiigkAo7D5Nmqn2rPd5NjwxBjCVedPH8XfELYfF3DyfyUkSTSmwkrxeSKqJyPB55djYSJkiAivCYbtCYErhkjEwgikDFX2WwXZeQb49tz3D9GLa8i4j4zQThBFzaHtLXc7nbPMAi8ix1uPKc9jwYY3Qz8uPLMb1TTQQD1ZiAxqYPHstJfrRRsMnpARkvWrkdQfUHmJyKNDox8Gu13yxDSK3st9e3CUtLtBUY5MaYme3oxcwmWf16x8djFExYStkQmX62zP6jkobfb3kiw1EA1NpEYW3BHNjWqrypzjhcuSUXqRAy3nQt8jnExyvo4RERBPwQsHgKydtK7zfQDsJHJTe1ryS79dymhfXWfsBNM7oLNDe1pNvFttdpyMsCU4pTF3LNfy11oAF1p98P5sFVMJ8vHskBxq42YiV22EhqGuzUvgHEXDLh9wgNtr9sdohrbAyafStx7B39f6fJe4rkVt4F2AmF7yH7mvMLbKNmtm3Y5P95XoqHpFXB5KpnYx5rcgaBLhHSSYXQaniqth6mthjzNpY2NfWVdLiPEYWM3bipbEWrBddjx1B4QuJGhw7ter5KA2j8Q2MBiwM5Wn1bmyq354aUtNuMc1Q5rknQzYn7TWNqiJrkBxDK9cVExRVbEhExUkjEWdq7JSUhY3oAjFmRYbQkdRFiXdzu64wyU2gk54HNMgiHWNVB593jogupiN8dP4qEv4Fu43CLZgfHm4uM93ahRfhZfZCnJ645q2u5Leq3hXVaBjKy2z8iPvqc14uZ3gChzYnMzHMopFbPDiWd5qQhufL35NXsEe6Q5yHegNQfxAf9vGWvwZWtsLMpdUCdP2TkMDW7kCd2tMbnAL8HBVn69BLaLFm4PPLgAmDSZVBEXUg6dcHU4Qq1BkBR4vzLwu5kVyVX2nHxfg2DdnQcntuLm12pBPC13HcN25rBEhthgdqRhegTYEirEgcD7mEKgpcY48kMoB7K852hZjgBMG3KpNu79uKXC8hHVtqdvJAtAtfJxdRKdG5soN2pivLqRa8x6eXVwuqiEEtYiMFCFdHwbFJhSs2f6eBvmrkAwku2jpkRy8NwZwSgmpjBimbd4NJTo8RCJufAmePxo2TWsG7ZSRgSqNEQt7D2gE5kE8uHG6XRyJB7XXf6oe33xK6td4PSreQTqJoTLuaFWTmA951JDfFsfyweF88k2mRMgbgp9JmFSuWSrg5j6j92V45KqVbK1KYYnrHb4N2dfK1eukjM7E6Luj8a1N5UR6pNVydUxW3Fpr4TFtJuSHZ9mxLGyAXaQrSyoibw9RgwfjAGETD1786ftfwzfwGavj4kyRaazGWcywcYn8t8r1hPmJvb6hce14z9VNs4wm7cVi8h1Ffcykur8GmoPftetxeyb547ugd14zzwZ6vGXxu3tEuofZVnVgmnVewVdBkoU3EbbtAkZ2niGammuVVMTxwMSrU4aUsc6tqr1StDnKWWsj8GveuAwzs6qz91hywFLEUi1mxFY1rvD56TbMUcdJmXPdFmQZA991FMZtnCrKXZ12YB7TfXMu1a4XwgFbGDAEcN4sB87gyiTyQzragmVvuVC3EeePN1oYJKk,1015,0.0
RaEXz8gwvq7aRdZyw9VsVSBMRfSVyabAiiyXaYVsZ89SeSCTSuzvWy3xoJCHohfX3VUhPfTjjn916XA8aW3Z7PEyZMsBvps5G96Y3we1PZTR7PdJFj6xRMqNCM98WNQVoZpTeVHXCGWad9RvJL38qbXSQeoQEwnWqEuEMUDW3GgYFya786Zwvk77FvYZzpJbJDBLSzgAfxdF4g6yui8XtowUyYmc5yEoJPQSzfS5BdqDCe55CDdTmSXKAzgPcTs4K1q3kuq9FNFLnxRKkcm9soTEAXj5fTnr4WKbn66W84zKkmActYvkXffXzqJYhPz5HwT8chs3U4pppukHpPNC2F79gUu5CpD5DHzitHnypSeYDRsmUc6x4P7M1N9z5Jv1f1tKVKitTgth68i4AUixmxmxxVhEZV1Swpfi4AH63v5cqFM4iapiabvr64utYJSKWwijkqRAix74uQioBh6dfAhowksJ7LPp3z71bE57Ykdmh18PCnh3Z4uBqva3XvMZPRjLeb2PBy9eeJy2D,1003,0.0
9i5ADe3Hr12pTYc6VDngveqBRzPUEPMphAkqCN3ovy9EbsJRTFh,1003,0.0
2sTiXsgg5x6T8pMqxruCsfKtQh5JcN9TgBWpT6PLkNUg6Gvkg923sXUbwm9iv4Yi2yH6f2e9a6HzY2WF3ScSBVKmCE1WJBvpRLugRY7xxDvYmkdPA1XV1rvhSQTPMoU6fwBuGxuzdjjmWGYyt3jqLJhEHh59X4vpd5GpeEyjvhTxiTc2a1UTpzaeasyLQmYdhGuLFeSvxGgxWMD8mer1aoEq1AiBwkBdSo2DCKo81UPrXFn934cNTpPcUGoG4cTwdhMX7z1N3VyZ74dBbWPDsN6V6oBVaaUW9ggWRwttmTAGQywEobFwgDswEu8XZSRDUXg77ivAywy9DfrjkbutRjNCgh1fExtKG8QWEHkPcALwLaKT7QsKJcEVmC3rGBQSeTHEozx9FPniM47847yxk4A9wG5MaUoFbwiBbFEusWaTsNN9jEP7M8Uw5RFkeyQhooEG1A32R59pgoouXiUc974VXeaP8J1rSey3FD5VjsQc6tFhEdcAN5ULSaWXrHxoHEaHJHZyPQmejzX7hdy,1000,0.0
7BPUsYJNMQp6zCrqGw8qeWqkxdRxd3WYiZxDsNaKdnRyhdGabXEi2bd1PTSNQGSWcCfZkSobKQ9Ua4fvi3b5Siaa65mfnVw4aLzYPUvazLR31P5X2tTy3P5fy93aBKe8Qk3x4oSb5zZfBuAV2nPnHXMqzfzJ1yVEewFBGza3wLwuaQtFU,1000,0.0
9fz2yCP7rfya69zp6j5rzAwaSxrnmBJjGjJ35r7ocHcUUjm2Qys,1000,0.0
9iFXrj432ENfU1AQyVJgYsaZAvfWhV3GhyuRbtHQAUXg7KdhE4A,1000,0.0
9fyDqkVk3iDXPNcquyLBehEtiZiqdKb27PnugemJEpGYbTJM7tN,1000,0.0
9fy4KkHt9Xavq9R7Wq16euW4JjH1mYwBtV7SNNtAtwnQ6qSZL4w,1000,0.0
9gFaKRc9c6xDMJ4AZzJQxWenDGsrRCgggcvzvL5o33d7o78XMok,1000,0.0
9i3P4Ah9jp7nnSNMg6gxjXXHEWjkkBbPJR5RLRkMwEt3DZZGLDL,1000,0.0
9emL79QXVhaX2a9YtRqnF7hPnbzAtHhaFgeT2Hxnra2fg7X3ogo,1000,0.0
9gTjFZQ3FxRbg5mZzheFrNHokudRPRJQk5PcdseSZuC6U6oqgjk,1000,0.0
9hBnWPynTJ7wPoZ1kWMdp4iUdxQ8niRqvkEc3P9WZM2pXKRV8EQ,1000,0.0
9gWtU5oRt4yuNU4WELRAHm49CCpwtRoVRkjs1DQkoKZmEuhcvT1,1000,0.0
9gx7qT7MaKvGGk4v6QynVjhCmoZ3qffbyXUrvJAv2BG6PBxU6sA,1000,0.0
9gwjyPyHTKSvmtwxwKAzdywSF9HqvwJmrX9cijeftV56d176Tpt,1000,0.0
9iHgXoqrq6mTqTeUUY6XQs1Ea6yjWsM8YdoipKDXzp5NJ6su3zM,999,0.0
9ebmurBJQWeWQghA85AdXzAqdHLCfMoc6nEr7P2tvnJ4afAy67x,999,0.0
9hbxSjzdevik5JtoXC9HgUjh22LRN1M9hREVhu2boMLiPAcmUtb,990,0.0
9fK8pTys2QKxygSSMn6DgEkZR7cQfHTrVJR8xJ9qoYKGFsc65Le,987,0.0
9fVoxKCZNu5s7a513ovQTPPWmXWVPpaTzqu6cu5SSnLcqNrCTxs,975,0.0
9hTzeodgu4wBcDEh3SVAoxcQKTEEKe3oyaQme4CshhGw2Tkvjb5,949,0.0
9frgoQeyksKXVtvrYkenYFNbnDkkotRLHAEGUnrEYqU81GJM6eW,945,0.0
9iAnCBsmHbhHvnEhuigHtQkcaUanft26CAm99gz2JrHc35JSZRN,903,0.0
9fSs1v5DESbHdawXbyYLbzUC7vi2etKzNajKiAecYUjd287W5Lo,881,0.0
9fEnUoiRuJTe6VF6ezzLZpxbZGeYrbRuUQEqprmHGgJW65vdaUX,880,0.0
9hvVEeX5BvTMRRk2tCtGM2qitKA7RYt6BH3y63rogW6jPt1eZhb,836,0.0
9fB647dNDfpDWM3r1psxwF1vDfNNnNBT1wYS2NeNrcG27yNP9Z5,834,0.0
9hC124rkJAXpjCG3Kp7oNTmutXXCgUdhCbT4eetJEEJfwxADN9n,780,0.0
9eaixkZpuUipmcLhXeB2DRpp6wyv2mRgNeJhG6JQ6VU4gMmtPCX,773,0.0
9iGAKQLb9utGzMVnNtHDB9zRCfFKj8SuVaohyNapG2jFcBS7CX5,719,0.0
9fVmygXL4h9EAFLL9Me1XPN9gG4UxU3pxFTmxTva9uohAZXgziB,645,0.0
9fExE1adH4WsCBcfBncEQbnDdBEFxctBoKsCqTEJCYUvbiXEytG,641,0.0
9h2MxpkSsDVByseBp5nPBUaedoUYj7YVNkTMDYgsoSQsgrzcCRA,605,0.0
9gj7yQWxv9aHoh6nZgptYib2e3SSS9wcDXKeJHeJEw8wKDVcoCf,600,0.0
9ex4MPrr6wPXBPSUGGzFXPebdve1ZsP8WsQ5pkMGJ14bKoKeZpN,588,0.0
9ffEUSNkFg41weEHZtGfTogzP4w7ouQA6QjK6XjAgTVVmF2zaE1,570,0.0
9fvAjCm5xqVroYnDhYjSkWj4RGV7781LzJbeABRcnqhNS22pxN2,565,0.0
9fD4LseojrAMXeoW1a7XS6BZqjTA28T557mFstr2js391em6gJk,556,0.0
9hhVvit557M8X19XZcdgJnGM23Q189bD4GxYUP9p2SF4Kgxfbbz,553,0.0
9gVP4me7n4iAktRi28gbPPDGM335XpBLgL1VXZNc1Cs9xh1Mpzu,512,0.0
9gcwns63b8GJkZtu2j655xQRtAdYjy6SKdjNkMNRjYj7Git9HxP,504,0.0
9fenL5FUZEtSKxsyX4HDRnwQ5gEGtcCb8VsHGeNzEVksU5MMrTy,500,0.0
9gQf8QuguwzRZWzg65GHeTQN11JnrAE8Hm7FDbYeELibSo9KNEg,450,0.0
9f7SFeB2WYyQRLysmZcy4BkM8bxdN4b65F6FqQMeDFgKA8sJYsS,411,0.0
9gAyVdhCRLnYETAiE6DvWW9kiHsNVUHmmWGSNDYvSD1LyUwM2dG,380,0.0
9g4f585vPtgA5PKhSRcaPBhtfW3HYRw2qe3aemxxnD5Y1KiopyX,377,0.0
9fHzCBrWKJe5uFj2ptcYiujNrzkw8e82DYAuzsbgkrEJBXAJU61,366,0.0
9eq54XD5C7o78HgxyZ94SjNzhoesp4FCczAgggzqCnUBcFFBGkv,297,0.0
9gk2JFiKQQ1uskLYecGk89pWfE9wiExqauCTe5fEk3qCBKNzeJJ,295,0.0
9ggQDQThmfyqThdSE94xmRnxgRzf5y4cQeiLxcBTgBkhYvAQbZP,292,0.0
9hkMvoJcKVE7kaaVukUhPDibZU29MsS3q3dqiJ5nZVm9DZsc1h6,277,0.0
9euGuwPBXpbyjPyGvtXRhYDvMe9HwiC52nj8rq4XUzbFfUgnHmP,255,0.0
9fBQorFB5qUJcEo9TqEYMoDSrrjCgjkv4ieqtZFjHLnG4UauaP2,218,0.0
9hSc8gHy5xTA4n3KJ3SqnoWNBc7zAfsnuvGqFdUx7hEXTW2Snnx,211,0.0
9fLmYXGtcGTxTuuWorPcxtWL4rxa8eTEy8kXpo4skTArHvPbSGy,200,0.0
9hSuquLquWd1VmqvSdRTZTNioCjxTydNiJpjy6wKb3QY6abMgAm,118,0.0
5hykd3pRdHcQr1uFGCPACDrTYY59LXcURiQuNtBuGwwkuwqCfsb8GZdsB3NgUXQjne1pDtv252WYUwdGL71apjrHJph9yQZuVKkk2HEHhQZ7qLB5YQmcVsxxYYR1n1SRLRt6ywxHiTpkWABmSdqzcYPxTm9YttsMU8AEZ8msYxq1cGptGxWMrGv5eMz2mYEZbpbZR2a2zCH2GMQBVmZs9oBU3QPkKdzdm2CZFBByemh7mRw3FysyQWdoLZ8gqQcC3xTuZyWLSQAxXaDNUdQTVerZL8Qkv5q9h9zoZeSrEE1rre2uR5ppRj5MJN6KCNrJ3C55WAm77VLC5EYUFd4DaSGPjsWzC7x4pGVQCYnrGbxKRkRKUqHCcGLDLEZpdDrrB7pv3wTeacneu8Zvo4DHtpb2wDJvtjiDs2zVqAp3xUvRiF8DQXDv2HtaKJ5L96QE5iX4Miv4qVjGNApNSw4DKBZ45534hGuAwtd4QwC6YCRqoTnZd22QZq8M6ey9hGcQMFqXhZ3v2h5d1wrnMtFuecbNEvC2Qtp9NXDfad8zwVsQH4rqNp1CE9qkvFnCZcVbrgLaE8BQWsPDfLvGe7onQjsGZ3szgm8j8kijA7Edz5sS8vhvx,117,0.0
9hjPZZxoGZBtvfNsPhcMNHieJC27Zqb2qbuQ8YBdctqHXW2kgKF,115,0.0
9erY64fiPUY1XBgdMZpNYwNw7NXr3NisnDYP3ypZD6ZS2Ney8yA,96,0.0
9htws54F8bvdXHp242416FCVqcBzHBi44kNXjSLreGCKX6vE6fw,83,0.0
9fztt3yggn9uNshoK5p9HeLJGFEf3XsfkH4oMHMaWCCM4a6yoZP,59,0.0
9fp74tJk15GGXGWY5N4W63zwzxrPLtz9vLE8wC2BtdcN6htXKiq,11,0.0
9f26fcLvpCkcJyY9SLXMMRZ2k3GeKxb8bERTE7cVp1SC3Xb1SZc,10,0.0
9fGzn8VCszvFMXo2KDrQiVowwSdchVT13ygX26RKUfkjcruRq7J,10,0.0
9iEe13AGWWJCdTGz5kQkGSMPrFwV1rAxFaF68idxnrmpQ5nnwWT,9,0.0
9gW4BxS6x8pF7BVMsE2VPpKTEHaDB9Nw1mp6MEpn5MWAmXuKpXg,9,0.0
9iFM8qTyFF15MrBrnKymCue6MB62Xy5CLSrprE1ZYdswUjMmLng,5,0.0
9fQd4h9qSeDd7dNi7mtU4D1W6aNUzbmgyN5qBB65mjBtrUJZj4T,3,0.0
9gH4JFS5V2wAB3UTno9Yecq32jq98iCgzhNjP5CJHC5SV2ff1Np,3,0.0
9hWCFw5M35uHhYutmvjnUW31L1Q11o1sAMh5r5No8q1qsNHTZe2,3,0.0
T2SC5LXxPJzd526kY2dHm4ZvE4pGEQxFMAPqUZwMUk4Yv3MNVxyNSfxCA2E1UjggsfEiqYTXb8J38ggze8a3ToPhr6AU2pS9fUoyuqfCfu1qNUh4VBHt8xHFhHXo6ZVMBJdm7sPUdaqJdYug3gDxqCxzAFwiaH7xfC4X1HTrEH3FU1GrA7voBgtVUWPiYjR3doXgoAFziRx9PQjpyWwkXqMdKUk6SWuizStshj8ZWyQNT4xUdF7ESQc8MUgudzhZcLBwGvBxJnUX83UbnWTYmVA2wtezXsJA8xqwvEUvmnzfRq3GLNPkooSECxQs8bHNksG8Vs6TkEvDwK1NWRE779nNUeTt9hdbeBbeQNeZzbeWnBkBniwqePAEoDESMexhhZ33k5fR7SB52b5YUF9m7FfVnotoViPcNDNZj6UayUdycPZhvE3zesViDDodUJr7Z6gWqpHBbekPwqFz1tE6wMU2CfQDYUd7Y13jPnRrGjAk1bV1HfqNogYZwyzNxRhntrZZLxNMcjEKQCsBD2dcZTAUnfETJi46f4KLAzaRJEF6M9F8agNMPKsSo9UuTz9CXVoDpdsakg4QSbTgYQGWs7Ap,1,0.0
9fk4S98kgDownWsgfSzeKf1ZhywnezXrPQPHsimspMWm1uxJHFR,1,0.0
9hPNftibHVKpDmgKj5acaN4xurK1uCqVJJEPPFrZuP3wUD6Dz7r,1,0.0
